word,sense,pos,ipa,lemma,syllabification,etymology,definitions,url,sinonimos,rimas,vizinhas,parecidas,relacionadas,traducoes,pesquisa
abono,allowance,NOUN,ɐˈbonu,,a.bo.no,Derivação regressiva de abonar,"ajuda financeira; fiança; adiantamento (de dinheiro); distribuição pelos sócios, feita por uma sociedade, de determinada quantia, como antecipação do dividendo e antes do seu apuramento no balanço anual, em que se farão acertos necessários; vencimento acessório que se destina a indemnizar o funcionário de riscos especiais a que a função o sujeita; elogio",https://www.infopedia.pt/dicionarios/lingua-portuguesa/abono,abonação|abonamento|adiantamento,carbono|desabono|embono,,abano|aboio|abondo,,,abonação|abonado|desabonado
abono,vouch,VERB,ɐˈbɔnu,abonar,a.bo.nar,"De a-+ latim bonu-, «bom» +-ar","ser fiador de; responder por; dar; confirmar; adiantar (dinheiro); exemplificar ou comprovar (o emprego de palavra ou construção) através de citação de um excerto, geralmente de um autor consagrado",https://www.infopedia.pt/dicionarios/lingua-portuguesa/abonar,acreditar|adiantar|afiançar,atazanar|atuar|blasonar,,abanar|aboar|abobar,autor|citação|excerto,,abonação|abonamento|abonatório
aborto,abortion,NOUN,ɐˈboɾtu,,a.bor.to,"Do latim abortu-, «idem»","expulsão de um feto, de forma espontânea ou provocada, antes de ele completar o seu desenvolvimento; feto nessas condições; estacionamento do desenvolvimento natural de um órgão, em fase bastante atrasada; órgão nessas condições; aberração | monstruosidade",https://www.infopedia.pt/dicionarios/lingua-portuguesa/aborto,aberração|aborção|abortamento,,abortigénico|abortista|abortivamente,,,,abaladura|aborcionista|aborteiro
aborto,abort,VERB,ɐˈbɔɾtu,abortar,a.bor.tar,"Do latim abortāre, «idem»",fazer com que não tenha sucesso | malograr | frustrar; cancelar (comando ou programa); não se desenvolver | malograr-se | fracassar; terminar,https://www.infopedia.pt/dicionarios/lingua-portuguesa/abortar,cancelar|desgravidar|fracassar,acoutar|agenciar|agostar,abortadeira|abortado|abortador,aborcar|abordar|abrotar,,,abortação|abortamento|abortivo
abrolho,caltrop,NOUN,ɐˈbɾoʎu,,a.bro.lho,"De abre+olho, ou do latim apĕri ocŭlos, «abre os olhos»","planta da família das Zigofiláceas, de flores amarelas e frutos espinhosos, espontânea em Portugal; fruto espinhoso dessa planta; espinho de qualquer planta; rebento; ponta aguçada; rochedo sob a água, a pouca profundidade; contrariedade | dificuldade | obstáculo",https://www.infopedia.pt/dicionarios/lingua-portuguesa/abrolho,botão|contrariedade|contratempo,caolho|embrolho|fiolho,abrolhado|abrolhador|abrolhal,,,,estrepe|tríbulo
abrolho,sprout,VERB,ɐˈbɾɔʎu,abrolhar,a.bro.lhar,De abrolho+-ar,(fazer) deitar abrolhos; desenvolver (-se),https://www.infopedia.pt/dicionarios/lingua-portuguesa/abrolhar,,apilhar|baquetear|cavear,ab-rogável|abrolhado|abrolhador,abolhar|abrochar|abrolhal,,,abotoar|gomar
aceno,nod,NOUN,ɐˈsenu,,a.ce.no,Derivação regressiva de acenar,"ato ou efeito de acenar; sinal com a cabeça, olhos ou mãos, para dar a entender o que se pretende; indício",https://www.infopedia.pt/dicionarios/lingua-portuguesa/aceno,acenamento|chamamento|convite,antraceno|Holoceno|Oligoceno,,acejo|acenso|-ceno,,,acenoso|ademane|meneio
aceno,beckon,VERB,ɐˈsɛnu,acenar,a.ce.nar,"Do latim popular *accinnāre, de cinnu-, «sinal» dado com os olhos",mostrar de longe; despertar o interesse (com) | aliciar; fazer alusão ou referência a,https://www.infopedia.pt/dicionarios/lingua-portuguesa/acenar,aliciar|atrair|chamar,abanar|arruar|cabear,acém|acenado|acenafteno,acebar|acerar|acetar,,,açanicar|acenado|aceno
acerto,adjust,VERB,ɐˈsɛɾtu,acertar,a.cer.tar,De a-+certo+-ar,"descobrir; atingir (objeto, alvo); ajustar | endireitar; fazer ficar certo (relógio, instrumento de precisão); ser bem-sucedido em; atinar com; sair-se bem de alguma tentativa; adivinhar; dar no alvo; apanhar | prender",https://www.infopedia.pt/dicionarios/lingua-portuguesa/acertar,acontecer|adivinhar|ajustar,aporfiar|assoar|baquetear,,acartar|aceitar|acerar,,,acertamento|acerto|adivinhar
acerto,settlement,NOUN,ɐˈseɾtu,,a.cer.to,Derivação regressiva de acertar,ato ou efeito de acertar; ajuste; prudência; sorte,https://www.infopedia.pt/dicionarios/lingua-portuguesa/acerto,acaso|ajustamento|ajuste,café-concerto|certo|concerto,,aberto|aceito|acento,,,acertadamente|acertado|acertamento
acordo,agreement,NOUN,ɐˈkoɾdu,,a.cor.do,Derivação regressiva de acordar,ato ou efeito de acordar; consonância; concordância; convenção; encontro ou convergência das manifestações das vontades das partes num contrato; forma de pôr termo a um litígio judicial mediante a aceitação recíproca de uma solução para o mesmo; perfeito uso dos sentidos; tino,https://www.infopedia.pt/dicionarios/lingua-portuguesa/acordo,ajustamento|ajuste|anuência,cordo|decacordo|descordo,acordeonista|açor-de-peito-raiado|açor-de-peito-ruivo,abordo|acorde|acorro,,,acordado|acordante|ajustado
acordo,wake,VERB,ɐˈkɔɾdu,acordar,a.cor.dar,"Do latim popular accordāre, do latim clássico concordāre, «estar de acordo»","suscitar (emoção, reação); pôr em acorde (vozes, instrumentos); concertar | ajustar; lavrar por acórdão (sentença); conceder | outorgar; resolver (-se) | decidir (-se); lembrar (-se) | recordar (-se)",https://www.infopedia.pt/dicionarios/lingua-portuguesa/acordar,acomodar|ajustar|alertar,agendar|andar|aziar,açor-da-nova-bretanha|açor-da-nova-caledónia|acordante,,,,acordamento|acordo|adormecer
adorno,adornment,NOUN,ɐˈdoɾnu,,a.dor.no,Derivação regressiva de adornar,,https://www.infopedia.pt/dicionarios/lingua-portuguesa/adorno,adereço|alfaia|arreamento,cadorno|codorno|desadorno,adornador|adornamento|adornar,aderno|adorna|cadorno,,,adereço|adornamento|adorniano
adorno,adorn,VERB,ɐˈdɔɾnu,adornar,a.dor.nar,"Do latim adornāre, «idem»",pôr adornos em; arrear; inclinar (-se) sobre um dos lados; submergir-se; inclinar (-se),https://www.infopedia.pt/dicionarios/lingua-portuguesa/adornar,,afalcoar|afanar|agenciar,adormir|adorna|adornado,acornar|adernar|adonar,,,abesantar|abilhar|adereçamento
almoço,lunch,NOUN,ɐɫˈmosu,,al.mo.ço,"Do latim *admorsu-, particípio passado de admordēre, «principiar a morder»","uma das principais refeições do dia, tomada geralmente ao início da tarde; os alimentos servidos nessa refeição; primeira refeição do dia, tomada ao levantar",https://www.infopedia.pt/dicionarios/lingua-portuguesa/almoço,,,almoçárabe|almoçarada|almocávar,,,,almoçadeira|almoçar|almoçarada
almoço,dine,VERB,ɐɫˈmɔsu,almoçar,al.mo.çar,De almoço+-ar,,https://www.infopedia.pt/dicionarios/lingua-portuguesa/almoçar,,abolçar|acaroar|arregaçar,,,,,almoçado|filular
apego,attachment,NOUN,ɐˈpeɡu,,a.pe.go,Derivação regressiva de apegar,ato ou efeito de apegar; sentimento que une uma pessoa às pessoas ou coisas de que gosta; tenacidade; timão da charrua,https://www.infopedia.pt/dicionarios/lingua-portuguesa/apego,aderência|adesão|afeição,,,,,,academismo|afeição|aferramento
apego,cling,VERB,ɐˈpɛɡu,apegar,a.pe.gar,"Do latim *appicāre, de picāre, «brear», de pice-, «pez»",pegar; ajuntar; transmitir; afeiçoar-se; valer-se; aferrar-se,https://www.infopedia.pt/dicionarios/lingua-portuguesa/apegar,,aporfiar|baldear|branquear,,adegar|alegar|anegar,,,aferrar|apegamento|apeganhar
apelo,appeal,NOUN,ɐˈpelu,,a.pe.lo,Derivação regressiva de apelar,"ato ou efeito de apelar, de pedir auxílio ou proteção; solicitação feita em nome de algo ou de alguém; chamada; recurso de uma sentença judicial apresentado a tribunal ou a instância superior; aquilo que atrai ou seduz alguém",https://www.infopedia.pt/dicionarios/lingua-portuguesa/apelo,apelação|chamada|chamamento,arrepelo|atropelo|camuelo,,adelo|alelo|anelo,,,apelação|apelamento|arrasa-quarteirão
apelo,call_out,VERB,ɐˈpɛlu,apelar,a.pe.lar,"Do latim appellāre, «idem»",recorrer de uma sentença a juiz ou tribunal superior; pedir auxílio ou proteção para ultrapassar perigo ou dificuldade; solicitar a intervenção ou o testemunho de; apresentar como desculpa ou atenuante,https://www.infopedia.pt/dicionarios/lingua-portuguesa/apelar,apelidar|chamar|invocar,abornalar|anular|beneficiar,,anelar|apealar|apear,,,apelação|apelamento|apelo
aperto,squeeze,NOUN,ɐˈpeɾtu,,a.per.to,Derivação regressiva de apertar,"ato ou efeito de apertar, de segurar ou envolver fazendo pressão; aglomeração de pessoas em lugar pouco espaçoso; lugar apertado ou estreito; urgência; constrangimento (físico ou psicológico); situação difícil (sobretudo financeira); angústia; avareza; estreitamento de um canal ou de um orifício orgânico",https://www.infopedia.pt/dicionarios/lingua-portuguesa/aperto,aflição|afogo|agonia,chico-esperto|desaperto|desperto,,aberto|acerto|apertão,,,adstringência|afogadilho|-strição
aperto,tighten,VERB,ɐˈpɛɾtu,apertar,a.per.tar,"Do latim tardio appectorāre, «estreitar contra o peito»",cingir ou segurar fortemente; dispor coisas ou pessoas mais perto umas das outras de forma a ocuparem menos espaço; tornar menos largo; fazer mover (um elemento) de forma a fixar uma peça a outra ou a fechar um dispositivo; conservar fechado; unir com botões (vestuário); empurrar (alguém) contra um obstáculo; perseguir; instar com; ser muito justo; estar para acabar; aumentar de intensidade,https://www.infopedia.pt/dicionarios/lingua-portuguesa/apertar,abotoar|abreviar|acanhar,acertar|aporfiar|aportar,aperta-livros|apertamento|aperta-nervos,acertar|alertar|apartar,menos|mover|muito,,acochar|acunhar|afivelar
arremedo,imitation,NOUN,ɐʁɨˈmedu,,ar.re.me.do,Derivação regressiva de arremedar,ato ou efeito de arremedar; imitação imperfeita; semelhança vaga ou difusa; aparência; vestígio,https://www.infopedia.pt/dicionarios/lingua-portuguesa/arremedo,aparência|cópia|imitação,aedo|medo|olmedo,,,,,imitação
arremedo,mimic,VERB,ɐʁɨˈmɛdu,arremedar,ar.re.me.dar,De a-+remedar,"imitar de modo grosseiro e provocador (os gestos, as falas, etc., de outrem); reproduzir, imitando; semelhar; contrafazer",https://www.infopedia.pt/dicionarios/lingua-portuguesa/arremedar,,acaroar|arrendar|assobiar,,,,,arremedação|arremedável|arremedo
arremesso,throw,NOUN,ɐʁɨˈmesu,,ar.re.mes.so,Derivação regressiva de arremessar,"ato ou efeito de arremessar (-se), de atirar (-se) ou lançar (-se); o que se lança; ação ofensiva; gesto repentino | ímpeto; gesto ou movimento que indicia um ato; grande coragem",https://www.infopedia.pt/dicionarios/lingua-portuguesa/arremesso,acometimento|ameaça|arremessamento,,,,,,arremessamento|arrojeito|arrojo
arremesso,fling,VERB,ɐʁɨˈmɛsu,arremessar,ar.re.mes.sar,"Do latim vulgar remissāre, de remissu-, particípio passado de remittĕre, «largar; lançar»",atirar com força; lançar para longe de si; lançar-se; investir,https://www.infopedia.pt/dicionarios/lingua-portuguesa/arremessar,,agenciar|amontoar|ancilosar,,,,,alcanziada|alfunda|apinchar
arrepelo,hair_pulling,NOUN,ɐʁɨˈpelu,,ar.re.pe.lo,Derivação regressiva de arrepelar,,https://www.infopedia.pt/dicionarios/lingua-portuguesa/arrepelo,,apelo|atropelo|bongoluelo,,,,,
arrepelo,snatch,VERB,ɐʁɨˈpɛlu,arrepelar,ar.re.pe.lar,De a-+repelar,"puxar (cabelos, pelos, penas); puxar com força; arrancar os próprios cabelos; desesperar-se; arrepender-se",https://www.infopedia.pt/dicionarios/lingua-portuguesa/arrepelar,arrancar|depenar|desencabelar,arrepiar|calar|carmear,,,,,arrebunhar|arrepelada|arrepeladela
arrojo,boldness,NOUN,ɐˈʁoʒu,,ar.ro.jo,Derivação regressiva de arrojar,ato de arrojar; arremesso; atrevimento; coragem; animosidade; destroços de um naufrágio lançados à praia,https://www.infopedia.pt/dicionarios/lingua-portuguesa/arrojo,afoiteza|animosidade|arremesso,,,arrobo|arrofo|arrogo,,,arremesso|arrojadamente|audácia
arrojo,hurl,VERB,ɐˈʁɔʒu,arrojar,ar.ro.jar,"Do latim vulgar *arrotulāre, «fazer rodar», pelo castelhano arrojar, «levar de rojo; lançar»",levar de rojo; arremessar para longe; atirar-se com ímpeto; abalançar-se; lançar-se de uma altura considerável; andar de rojo,https://www.infopedia.pt/dicionarios/lingua-portuguesa/arrojar,arrastar|atirar|despedir,apajar|apreciar|azulejar,arrojadite|arrojado|arrojador,arrijar|arrobar|arrogar,,,abalançar|arrojo|disparar
arroto,belch,NOUN,ɐˈʁotu,,ar.ro.to,Derivação regressiva de arrotar,expulsão ruidosa de gases do estômago pela boca | eructação; obscenidade,https://www.infopedia.pt/dicionarios/lingua-portuguesa/arroto,,abioto|aguioto|alboroto,,arnoto|arreto|arrobo,,,eructação|ventosidade
arroto,burp,VERB,ɐˈʁɔtu,arrotar,ar.ro.tar,"Do latim eructāre, «lançar; vomitar»",expelir (gases do estômago) pela boca; pagar (despesa); gabar-se (de),https://www.infopedia.pt/dicionarios/lingua-portuguesa/arrotar,alardear|baforar|bazofiar,aboiar|aformosentar|arrepiar,arrota|arrotação|arrotado,abrotar|alrotar|arratar,,,arrotação|arrotado|baforar
atropelo,trampling,NOUN,ɐtɾuˈpelu,,a.tro.pe.lo,Derivação regressiva de atropelar,"ato ou efeito de atropelar; desrespeito por regra, princípio ou direito; atrapalhação | embaraço; confusão",https://www.infopedia.pt/dicionarios/lingua-portuguesa/atropelo,arbitrariedade|atabalhoamento|atropelamento,apelo|arrepelo|camuelo,atropelado|atropelador|atropelamento,,,,atropelação
atropelo,run_over,VERB,ɐtɾuˈpɛlu,atropelar,a.tro.pe.lar,De a-+tropel+-ar,"colidir (veículo em movimento) com (pessoa ou animal), provocando a sua queda e passado ou não por cima; abrir caminho de forma agressiva, empurrando e acotovelando; fazer mal; não respeitar os direitos de (outros), passando por cima deles para obter o que se quer; desrespeitar; vencer por larga margem; empurrar-se e acotovelar-se mutuamente; apinhar-se desordenadamente; apresentar-se em desordem; confundir-se",https://www.infopedia.pt/dicionarios/lingua-portuguesa/atropelar,atabalhoar|atamancar|baralhar,aflar|apreciar|arrepiar,atropelação|atropelado|atropelador,,,,atropelação|atropelado|atropelamento
azedo,sour,ADJ,ɐˈzedu,,a.ze.do,"Do latim acētu-, «vinagre»","que tem o sabor particular do limão ou do vinagre; de gosto amargo; diz-se de alimento que se deteriorou por ter fermentado; ríspido; mal-humorado; diz-se de pessoa amargurada, de trato difícil",https://www.infopedia.pt/dicionarios/lingua-portuguesa/azedo,acerbo|acidez|acrimonioso,aedo|samoiedo|trevo-azedo,azedinha-de-goiás|azedinha-do-brejo|azedinha-falsa,aedo|azado|azeda,,,acerbo|acid-|acri-
azedo,turn_sour,VERB,ɐˈzɛdu,azedar,a.ze.dar,De azedo+-ar,"tornar (-se) azedo; envinagrar (-se); estragar(-se); irritar (-se); tornar (-se) difícil, complicado",https://www.infopedia.pt/dicionarios/lingua-portuguesa/azedar,acetar|acidificar|acidular,amontoar|andar|apreciar,azeda-mansa|azedamente|azedamento,aledar|apedar|azeda,,,acescência|acescente|apicoado
cerco,siege,NOUN,ˈseɾku,,cer.co,Derivação regressiva de cercar,"ato ou efeito de cercar, de pôr cerca ou muro em redor de; aquilo que limita um espaço; disposição de diversos elementos em círculo, rodeando algo; disposição de tropas em redor de uma posição inimiga; ato de impedir ou barrar a passagem; aparelho de pesca em que as redes formam círculo para apanhar o peixe; navio que emprega esse aparelho; formação dos caçadores em roda para apanhar a caça; importunação insistente; sucessão de factos ou de acontecimentos nefastos que constrangem algo ou alguém; retrete; casa de banho exterior",https://www.infopedia.pt/dicionarios/lingua-portuguesa/cerco,,cisticerco|descerco|dificerco,cercidifiláceo|cercilhado|cercilhar,ceco|cerca|-cerco,,,acostado|assediar|-cerco
cerco,surround,VERB,ˈsɛɾku,cercar,cer.car,"Do latim tardio circāre, «andar à volta de»",pôr cerca ou cerco a; colocar um muro em redor de; colocar as tropas em redor de; dispor em volta de; perseguir por todos os lados; constranger; apertar,https://www.infopedia.pt/dicionarios/lingua-portuguesa/cercar,,baldear|bebericar|beberricar,,acercar|cerar|cerca,,,abarreirar|abranger|abuçar
cerro,hill,NOUN,ˈseʁu,,cer.ro,"Do latim cirru-, «penacho»",pequena elevação de terreno; carne do lombo do porco junto ao couro,https://www.infopedia.pt/dicionarios/lingua-portuguesa/cerro,cômoro|mamelão|montículo,,,berro|carro|cedro,,,cerro-do-gato|cerrote|colibri-do-cerro-de-arcos
cerro,shut,VERB,ˈsɛʁu,cerrar,cer.rar,"Do latim tardio serāre, «fechar», de sera-, «tranca; ferrolho»",fechar; vedar; unir fortemente; terminar; ocultar; pelejar com; fechar-se; unir-se; cobrir-se de nuvens; cicatrizar; concluir-se,https://www.infopedia.pt/dicionarios/lingua-portuguesa/cerrar,acabar|ajuntar|apertar,acupunturar|afeiçoar|amadurar,cerradouro|cerradura|cerra-fila,berrar|cerar|cercar,,,cerração|entrecerrar|fechar
choco,addled,ADJ,ˈʃoku,,cho.co,Derivação regressiva de chocar,"diz-se do ovo, especialmente das aves, com embrião em desenvolvimento, e do estado febril destes animais durante a incubação; que está a chocar ovos; podre; que perdeu a efervescência; sem vontade de fazer nada",https://www.infopedia.pt/dicionarios/lingua-portuguesa/choco,,bichoco|bioco|fachoco,,caoco|checo|chico,,,caça-moscas-do-chocó|choquice|choquiço
choco,cuttlefish,NOUN,ˈʃoku,,cho.co,Derivação regressiva de chocar,"ato ou efeito de chocar; período da incubação; designação comum, extensiva aos moluscos cefalópodes do género Sepia, que produzem sépia, um líquido escuro que expelem quando se sentem em perigo e que é utilizado na produção de tintas; molusco marinho cefalópode, comestível, de corpo largo, oval e achatado, com concha interna de natureza calcária, que apresenta oito tentáculos curtos e dois braços tentaculares longos",https://www.infopedia.pt/dicionarios/lingua-portuguesa/choco,,bichoco|bioco|fachoco,,caoco|checo|chico,,,caça-moscas-do-chocó|choquice|choquiço
choco,hatch,VERB,ˈʃɔku,chocar,cho.car,"Do latim *cloccāre, em vez de *clociāre, evolução de glocīre, «cacarejar»",manter o ovo a temperatura conveniente para permitir o desenvolvimento do embrião; planear; ser portador do germe de uma doença; estar no choco; apodrecer; fermentar; esbarrar-se (contra); entrar em conflito (com); ofender; perturbar; esbarrar reciprocamente; ofender-se,https://www.infopedia.pt/dicionarios/lingua-portuguesa/chocar,,achacar|angariar|baratear,,checar|choca|chochar,,,abalroar|ampolhar|batedura
choro,weep,VERB,ˈʃɔɾu,chorar,cho.rar,"Do latim plorāre, «chorar»",verter lágrimas por; deplorar; sentir remorsos de; destilar; verter lágrimas; afligir-se,https://www.infopedia.pt/dicionarios/lingua-portuguesa/chorar,carpir|deplorar|destilar,amadurar|baldear|baquetear,,chocar|chofar|chofrar,,,baba|beicinho|carpideira
choro,weeping,NOUN,ˈʃoɾu,,cho.ro,Derivação regressiva de chorar,"ato de chorar, de verter lágrimas em reação a dor ou a emoção forte e que pode ser acompanhado de soluços, gritos, lamentos, etc.; lamentação; gemido, uivo ou som lastimoso feito por alguns animais; som plangente ou melancólico de certos instrumentos musicais; saída da seiva bruta pelas superfícies cortadas nas plantas; género de música popular brasileira, de carácter melodioso e sentimental, executado por um conjunto instrumental composto por bandolim, violão, cavaquinho, pandeiro e outros instrumentos, habitual em bailes familiares e festas populares; cerimónia fúnebre em que se homenageia um morto, geralmente acompanhada por música e cânticos",https://www.infopedia.pt/dicionarios/lingua-portuguesa/choro,berreiro|carpido|chorinco,,,charo|choco|cholo,,,ai-ai|berreiro|cabo de choro
cobro,cessation,NOUN,ˈkobɾu,,co.bro,Derivação regressiva de cobrar,"ato ou efeito de cobrar, de receber ou exigir o que é devido; arrecadação; recolha (por parte do cão) da caça abatida e entrega da peça ao caçador; termo; foro cobrado pela coroa aos arrendatários de certas terras do rei; lugar seguro para guardar dinheiro, jóias, etc.",https://www.infopedia.pt/dicionarios/lingua-portuguesa/cobro,arrecadação|cobrança|convalescença,,,cabro|cobo|cobra,,,estado|exceção|herpes
cobro,collect,VERB,ˈkɔbɾu,cobrar,co.brar,"De recobrar, do latim recuperāre, «recuperar», com aférese da sílaba inicial","proceder à cobrança de; pedir determinado valor por produto, serviço, etc.; reclamar o cumprimento de promessa, obrigação ou compromisso; receber; ganhar; efetuar reposição em jogo da bola após infração assinalada pelo árbitro",https://www.infopedia.pt/dicionarios/lingua-portuguesa/cobrar,adquirir|alcançar|arrecadar,acupuncturar|aquapunturar|baquetear,,cabrar|cobra|cobrear,,,almudar|apurar|arrecadar
colher,harvest,VERB,kuˈʎeɾ,colher,co.lher,"Do latim cochleāre-, «colher», pelo francês cuillère, «idem»","tirar da planta (frutos, flores ou folhas); receber; atropelar; atingir; tomar; surpreender; coligir; inferir",https://www.infopedia.pt/dicionarios/lingua-portuguesa/colher,,,colhedor|colheira|colheita,,,,acolherar|aduchar|apanhadiço
colher,spoon,NOUN,kuˈʎɛɾ,,co.lher,"Do latim cochleāre-, «colher», pelo francês cuillère, «idem»","utensílio de uso doméstico, constituído por um cabo e uma parte arredondada e côncava, que serve para tirar ou levar à boca substâncias líquidas ou pouco consistentes, ou para mexer, misturar ou servir certas iguarias; conteúdo daquele utensílio de uso doméstico; utensílio com cabo e rede em concha, usado para pescar; designação extensiva a diversos utensílios com formato semelhante; pequeno pássaro de cauda comprida, mais longa que o corpo ligeiro e arredondado, apresenta plumagem preta ou acinzentada, com lista escura do bico à nuca, sendo também conhecido por foguete, rabilongo, rabo-de-foguete, etc.; antigo imposto sobre géneros",https://www.infopedia.pt/dicionarios/lingua-portuguesa/colher,,,colhedor|colheira|colheita,,,,acolherar|aduchar|apanhadiço
colmo,culm,NOUN,ˈkoɫmu,,col.mo,"Do latim culmu-, «idem»","caule de nós salientes e folhas invaginantes, como nas plantas gramíneas, juncáceas, etc.; palha com que se cobre algumas cabanas",https://www.infopedia.pt/dicionarios/lingua-portuguesa/colmo,,,,calmo|colo|colom,,,acama|arribana|bambu-da-china
colmo,thatch,VERB,ˈkɔɫmu,colmar,col.mar,De colmo+-ar,elevar ao ponto mais alto; sublimar; conceder em abundância; rematar,https://www.infopedia.pt/dicionarios/lingua-portuguesa/colmar,,aporfiar|aranha-do-mar|cobra-do-mar,,calmar|coimar|colar,,,colmagem
começo,begin,VERB,kuˈmɛsu,começar,co.me.çar,"Do latim *cominitiāre, «idem», do latim initiāre, «iniciar»","dar início a um processo, atividade, projeto, etc.; estar no princípio de; ter começo; originar-se",https://www.infopedia.pt/dicionarios/lingua-portuguesa/começar,encetar|estrear|inaugurar,acaroar|agenciar|azamboar,combustor|comeback|começado,,,,aburrinhar|adormir|aluzecer
começo,beginning,NOUN,kuˈmesu,,co.me.ço,Derivação regressiva de começar,facto de começar; primeiro instante de existência ou execução de uma coisa; o que está no princípio; origem; causa; entrada; princípio; primeiras tentativas ou experiências; ensaio,https://www.infopedia.pt/dicionarios/lingua-portuguesa/começo,base|causa|exórdio,,comeback|começado|começador,,,,alefe|algazarra|-e(s)cer
conforto,comfort,NOUN,kõˈfoɾtu,,con.for.to,Derivação regressiva de confortar,"ato ou efeito de confortar; comodidade; bem-estar; auxílio, consolo nas aflições",https://www.infopedia.pt/dicionarios/lingua-portuguesa/conforto,ajuda|apoio|assistência,,confortar|confortativamente|confortativo,,,,aconchegamento|aconchego|aliar
conforto,soothe,VERB,kõˈfɔɾtu,confortar,con.for.tar,"Do latim confortāre, «idem»",tornar forte; dar conforto a; consolar,https://www.infopedia.pt/dicionarios/lingua-portuguesa/confortar,animar|consolar|entusiasmar,aboiar|afeiçoar|assetar,,,,,confortação|confortativo|conforto
congelo,freezing,NOUN,kõˈʒelu,,con.ge.lo,Derivação regressiva de congelar,ato ou efeito de congelar(-se); embargo,https://www.infopedia.pt/dicionarios/lingua-portuguesa/congelo,,bongoluelo|camuelo|degelo,congelamento|congelante|congelar,,,,
congelo,freeze,VERB,kõˈʒɛlu,congelar,con.ge.lar,"Do latim congelāre, «gelar; congelar»","fazer passar do estado líquido ao estado sólido através de um processo de arrefecimento; submeter a temperaturas baixas para conservar; solidificar; fixar (preços, salários); embargar a transferência de (capitais depositados); inibir ação ou reação de; tornar-se gelo; formar gelo; tornar-se frio como gelo; deixar (programa, equipamento) de responder a comandos",https://www.infopedia.pt/dicionarios/lingua-portuguesa/congelar,bloquear|coagular|coalhar,agenciar|broquear|capitular,congelação|congelado|congelador,,arrefecimento|frio|gelo,,acaramelar|arca|bloquear
conserto,mend,VERB,kõˈsɛɾtu,consertar,con.ser.tar,"Do latim *consertāre, de consertu-, particípio passado de conserĕre, «ligar; juntar»",pôr em bom estado (o que estava estragado ou avariado); compor (uma peça de roupa); corrigir; remediar,https://www.infopedia.pt/dicionarios/lingua-portuguesa/consertar,arranjar|compor|corrigir,abarbatar|aformosentar|biscoutar,consequente|consequentemente|consertado,,,,açacalar|acicalar|atamancar
conserto,repair,NOUN,kõˈseɾtu,,con.ser.to,"Do latim consertu-, particípio passado de conserĕre, «juntar; ligar»",ato ou efeito de consertar; arranjo; remendo; remedeio,https://www.infopedia.pt/dicionarios/lingua-portuguesa/conserto,arranjo|correção|emenda,asserto|desconserto|deserto,consertado|consertador|consertamento,,,,acicalamento|arranjadela|arranjo
consolo,consolation,NOUN,kõˈsolu,,con.so.lo,Derivação regressiva de consolar,"ato ou efeito de consolar; o que alivia ou conforta; elemento saliente numa parede, com forma variável, para suporte de vasos, esculturas, cornijas, vigas, etc.; pequena mesa comprida e estreita, que se encosta a uma parede e sobre a qual se colocam objetos de decoração",https://www.infopedia.pt/dicionarios/lingua-portuguesa/consolo,,cotsolo|desconsolo|gaiolo,consolidador|consolidante|consolidar,conolo|consol|consola,,,alívio|bálsamo|conforto
consolo,console,VERB,kõˈsɔlu,consolar,con.so.lar,"Do latim consolāre, por consolāri, «reconfortar»",aliviar a aflição ou a dor de; dar gosto a; receber consolação; sentir satisfação; conformar-se,https://www.infopedia.pt/dicionarios/lingua-portuguesa/consolar,acalentar|animar|confortar,afalcoar|apostilar|balbuciar,,consoar|consola|consonar,,,acalentar|aliviar|confortar
contorno,contour,NOUN,kõˈtoɾnu,,con.tor.no,Derivação regressiva de contornar,linha ou superfície que limita exteriormente uma figura ou um corpo; delineamento; volta; borda; traçado de um relevo; aspeto do que é contornado; elegância da frase,https://www.infopedia.pt/dicionarios/lingua-portuguesa/contorno,borda|cairel|cercadura,dintorno|entorno|estorno,,,,,amplexi-|astragália|aureolado
contorno,circumvent,VERB,kõˈtɔɾnu,contornar,con.tor.nar,"Do latim *contornāre, «idem»",traçar o contorno de; andar em volta de; solucionar incompletamente; aperfeiçoar; voltar para o lado esquerdo do escudo,https://www.infopedia.pt/dicionarios/lingua-portuguesa/contornar,aperfeiçoar|aprimorar|apurar,afalcoar|balbuciar|carpear,contorcível|contornabilidade|contornado,,,,contornado|contornamento|contornear
coro,blush,VERB,ˈkɔɾu,corar,co.rar,"Do latim colorāre, «dar cor a; colorir»",dar cor a; tingir; branquear ao sol (roupa); fazer assomar as cores ao rosto de; tostar levemente pela ação do calor; disfarçar; ruborizar-se; envergonhar-se,https://www.infopedia.pt/dicionarios/lingua-portuguesa/corar,branquear|colorar|colorear,acupuncturar|afeiçoar|alcandorar,,cerar|clorar|corra,,,afoguear|anacarar|avermelhar
coro,choir,NOUN,ˈkoɾu,,co.ro,"Do grego khorós, «coro de dança», pelo latim choru-, «dança em coro»","agrupamento de pessoas que atuam juntas, cantando em uníssono ou a várias vozes; composição musical para ser cantada por este conjunto de pessoas; trecho que se repete no final de cada estrofe (o termo aplica-se quer à música, quer ao texto); grupo de atores que declamam (e/ou cantam) em conjunto; conjunto de vozes ou sons; conjunto de pessoas que executam danças; nas igrejas, local destinado aos ofícios divinos e aos cânticos, situado em diversos lugares consoante a época (à frente do altar, sobre a porta de entrada principal, etc.); mentira; cada uma das nove hierarquias dos anjos",https://www.infopedia.pt/dicionarios/lingua-portuguesa/coro,,antecoro|coscoro|decoro,,coiro|coré|coroa,,,antecoro|antifoneiro|arquiclavo
corte,court,NOUN,ˈkoɾtɨ,,cor.te,Derivação regressiva de cortar,"ato ou efeito de cortar, de fender, separar ou dividir por meio de um objeto cortante; abertura ou golpe feito com instrumento cortante; ferimento resultante de contacto com superfície ou instrumento cortante; gume de instrumento cortante; diminuição da quantidade ou da dimensão de algo; interrupção na continuidade de algo; supressão ou redução do efeito de algo; rompimento de uma relação; eliminação; forma assumida pelo cabelo, segundo o modo como foi tratado; operação que consiste em talhar o tecido segundo determinados moldes; forma de uma peça de roupa, segundo o modo como foi talhada; porção de pano necessária para fazer uma peça de vestuário; representação gráfica de uma secção plana do interior de um edifício, máquina, etc., feita com o objetivo de revelar a sua estrutura ou disposição interna; cada uma das três superfícies que se formam pela reunião das folhas de um livro fechado; indivíduo que estraga o prazer dos outros; pessoa que se nega a fazer algo com que se comprometera; interceção de passe ou remate feito por um jogador adversário; recinto onde se recolhe o gado; divisão de uma pocilga; residência de um monarca e dos que com ele residem; conjunto de pessoas que residem na corte e rodeiam habitualmente um rei; séquito; círculo de aduladores; galanteio; assembleia dos representantes de uma nação; parlamento",https://www.infopedia.pt/dicionarios/lingua-portuguesa/corte,,,corta-unhas|cortável|corta-vento,carte|coorte|corete,,,arreia|capina|carecada
corte,cut,VERB,ˈkɔɾtɨ,cortar,cor.tar,"Do latim curtāre, «cortar; encurtar»","separar ou dividir por meio de corte; dar um golpe ou fazer um corte em; ferir; talhar (peça de vestuário) de acordo com um molde; dividir em várias porções; gelar; passar no meio de; encurtar (caminho); suprimir algumas partes de (texto); roubar; interromper (uma ação ou um discurso); interromper a passagem de; suprimir; misturar com outro líquido; passar (parte selecionada de texto/imagem) para a área de transferência, removendo-a do documento ativo; fazer incisão; ter gume; dividir um baralho; ferir-se com instrumento cortante; temer | recuar | desistir; passar (o ano); festejar (o Ano Novo)",https://www.infopedia.pt/dicionarios/lingua-portuguesa/cortar,,afectar|agenciar|broquear,corta-papel|corta-pau|corta-pinos,cartar|certar|coartar,,,arrair|atrainelar|biselar
decoro,decorum,NOUN,dɨˈkoɾu,,de.co.ro,"Do latim decōru-, «que convém; que fica bem»","respeito pelas normas de convivência, pelas boas maneiras; honestidade; pudor no agir e no falar; adequação do estilo literário ao tema",https://www.infopedia.pt/dicionarios/lingua-portuguesa/decoro,cavalheirismo|comedimento|compostura,antecoro|coro|coscoro,decorativismo|decorativista|decorativo,,,,alinho|chacrinha|circunspeção
decoro,memorize,VERB,dɨˈkɔɾu,decorar,de.co.rar,"Do latim decorāre, «idem»","arranjar, combinando diversos elementos de forma a criar um ambiente adequado ao fim a que se destina; pôr decorações em; ornamentar",https://www.infopedia.pt/dicionarios/lingua-portuguesa/decorar,,aboiar|alcandorar|amontoar,,decoar|decolar|decotar,,,antipêndio|arrendado|decoração
degelo,thaw,NOUN,dɨˈʒelu,,de.ge.lo,Derivação regressiva de degelar,"ato ou efeito de degelar; fenómeno de fusão paulatina das massas de gelo e de neve existentes à superfície da Terra, provocado pelo aumento da temperatura ambiente; superação gradual de uma situação ou de um estado de tensão",https://www.infopedia.pt/dicionarios/lingua-portuguesa/degelo,derretedura|descoagulação|descoalho,bongoluelo|camuelo|congelo,,,aumento|degelar|estado,,ablação|albufeira|caldeirão
degelo,thaw_out,VERB,dɨˈʒɛlu,degelar,de.ge.lar,De de-+gelo+-ar,derreter o gelo de; aquecer,https://www.infopedia.pt/dicionarios/lingua-portuguesa/degelar,animar|aquecer|derreter,apostilar|bezoar|descolar,degastado|degastador|degastar,debelar|degolar|desgelar,,,degelador|degelo|desnevar
desacordo,disagreement,NOUN,dɨzɐˈkoɾdu,,de.sa.cor.do,Derivação regressiva de desacordar,falta de acordo; desafinação; desmaio,https://www.infopedia.pt/dicionarios/lingua-portuguesa/desacordo,desafinação|desaprovação|desarmonização,cordo|decacordo|descordo,,,,,anacronicamente|caraças|conflitar
desacordo,disagree,VERB,dɨzɐˈkɔɾdu,desacordar,de.sa.cor.dar,De des-+acordar,pôr em desacordo; fazer perder a concordância ou a harmonia; pôr-se em desacordo; perder a afinação; perder os sentidos,https://www.infopedia.pt/dicionarios/lingua-portuguesa/desacordar,desafinar|desaprovar|desarmonizar,azamboar|azedar|bambalear,,,,,
desafogo,relief,NOUN,dɨzɐˈfoɡu,,de.sa.fo.go,Derivação regressiva de desafogar,"libertação daquilo que afoga, sufoca ou oprime; alívio; desembaraço; largueza de meios",https://www.infopedia.pt/dicionarios/lingua-portuguesa/desafogo,alívio|amenidade|confidência,afogo|antifogo|boca-de-fogo,,,,,desabafo|desafogadamente|desopressão
desafogo,relieve,VERB,dɨzɐˈfɔɡu,desafogar,de.sa.fo.gar,De des-+afogar,"libertar daquilo que afoga, sufoca ou oprime; desapertar; pôr-se à vontade; aliviar-se",https://www.infopedia.pt/dicionarios/lingua-portuguesa/desafogar,abrir|aliviar|amenizar,aboiar|bezoar|caldear,,,,,desatabafar|desoprimir
desaforo,insolence,NOUN,dɨzɐˈfoɾu,,de.sa.fo.ro,Derivação regressiva de desaforar,escândalo; insolência,https://www.infopedia.pt/dicionarios/lingua-portuguesa/desaforo,arrojo|atrevimento|audácia,,,,,,desaforadamente|descaramento|descaro
desaforo,affront,VERB,dɨzɐˈfɔɾu,desaforar,de.sa.fo.rar,De des-+aforar,isentar do pagamento do foro; fazer julgar em foro diverso do do delito,https://www.infopedia.pt/dicionarios/lingua-portuguesa/desaforar,,amadurar|beneficiar|bezoar,,,,,
desapego,indifference,NOUN,dɨzɐˈpeɡu,,de.sa.pe.go,Derivação regressiva de desapegar,indiferença; desamor; abandono,https://www.infopedia.pt/dicionarios/lingua-portuguesa/desapego,abnegação|desafeição|desafeto,,desapeçonhentar|desapegadamente|desapegado,,,,desaferrar|desaferro|desapropriação
desapego,let_go,VERB,dɨzɐˈpɛɡu,desapegar,de.sa.pe.gar,De des-+apegar,separar (o que está pegado); tornar menos afeiçoado; soltar-se; perder a afeição,https://www.infopedia.pt/dicionarios/lingua-portuguesa/desapegar,arrancar|desgrudar|despegar,afeiçoar|agoniar|alagar,desapeçonhentado|desapeçonhentar|desapegadamente,,,,desaferrar|despegar
desassossego,disquiet,NOUN,dɨzɐsuˈseɡu,,de.sas.sos.se.go,Derivação regressiva de desassossegar,falta de sossego; inquietação; agitação,https://www.infopedia.pt/dicionarios/lingua-portuguesa/desassossego,agitação|alvoroço|excitação,,,,,,agitação|alvoroçamento|desassossegado
desassossego,disturb,VERB,dɨzɐsuˈsɛɡu,desassossegar,de.sas.sos.se.gar,De des-+assossegar,,https://www.infopedia.pt/dicionarios/lingua-portuguesa/desassossegar,agitar|alvoroçar|inquietar,afeiçoar|agoniar|alagar,,,,,desapacientar|desapaziguar|desconfortar
desconforto,discomfort,NOUN,dɨʃkõˈfoɾtu,,des.con.for.to,"De des-+conforto, ou derivação regressiva de desconfortar","falta de conforto, de comodidade; desconsolo",https://www.infopedia.pt/dicionarios/lingua-portuguesa/desconforto,abatimento|consternação|debilitação,,desconfortado|desconfortante|desconfortar,,,,antifadiga|apertado|chiadeira
desconforto,discomfit,VERB,dɨʃkõˈfɔɾtu,desconfortar,des.con.for.tar,De des-+confortar,tirar o conforto a; desassossegar; desconsolar,https://www.infopedia.pt/dicionarios/lingua-portuguesa/desconfortar,abater|afligir|agitar,azamboar|beneficiar|conectar,desconforme|desconformemente|desconformidade,,,,desconfortado
desconsolo,disconsolation,NOUN,dɨʃkõˈsolu,,des.con.so.lo,Derivação regressiva de desconsolar,tristeza | mágoa | desgosto; insatisfação,https://www.infopedia.pt/dicionarios/lingua-portuguesa/desconsolo,descontentamento|desgosto|insatisfação,consolo|cotsolo|gaiolo,,,,,desconforto
desconsolo,dishearten,VERB,dɨʃkõˈsɔlu,desconsolar,des.con.so.lar,De des-+consolar,,https://www.infopedia.pt/dicionarios/lingua-portuguesa/desconsolar,afligir|desgostar|entristecer,apreciar|carpear|cavear,,,,,desconfortar
desdobro,unfolding,NOUN,dɨʒˈdobɾu,,des.do.bro,Derivação regressiva de desdobrar,,https://www.infopedia.pt/dicionarios/lingua-portuguesa/desdobro,,dobro|redobro|seisdobro,desdobrado|desdobramento|desdobrar,,,,
desdobro,unfold,VERB,dɨʒˈdɔbɾu,desdobrar,des.do.brar,De des-+dobrar,"estender ou abrir (o que estava dobrado); desenrolar; separar (um conjunto) em frações, turmas, etc.; explicar; serrar troncos de madeira, divindindo-os em tábuas, vigas, etc.; desenvolver-se; manifestar-se; prolongar-se; desfazer-se das dobras; dividir-se em duas ou mais partes; suceder-se; intensificar a atividade",https://www.infopedia.pt/dicionarios/lingua-portuguesa/desdobrar,abrir|analisar|desembrulhar,alcandorar|arrepiar|arruar,,,,,calcinar|desdobrado|desdobro
desempeno,straightening,NOUN,dɨzẽˈpenu,,de.sem.pe.no,Derivação regressiva de desempenar,"ato ou efeito de desempenar (-se), de endireitar (-se); aplanação; régua usada para verificar a lisura de uma peça ou superfície; garbo; agilidade; à-vontade",https://www.infopedia.pt/dicionarios/lingua-portuguesa/desempeno,agilidade|aprumo|desenvoltura,bieno|butadieno|empeno,desempenhabilidade|desempenhado|desempenhar,,,,
desempeno,straighten,VERB,dɨzẽˈpɛnu,desempenar,de.sem.pe.nar,De des-+empenar,,https://www.infopedia.pt/dicionarios/lingua-portuguesa/desempenar,,cabear|calear|corsear,,desempanar|desempegar|desempenhar,,,assentador|desempenadeira|desempeno
desemperro,unjamming,NOUN,dɨzẽˈpeʁu,,de.sem.per.ro,Derivação regressiva de desemperrar,"ato ou efeito de desemperrar, de desfazer o emperramento; estado do que não está perro, do que se move, desliza ou articula sem dificuldade; desembaraço",https://www.infopedia.pt/dicionarios/lingua-portuguesa/desemperro,,,,,,,
desemperro,unjam,VERB,dɨzẽˈpɛʁu,desemperrar,de.sem.per.rar,De des-+emperrar,,https://www.infopedia.pt/dicionarios/lingua-portuguesa/desemperrar,,afeiçoar|barrear|bolear,,,,,desemperrado|desemperro
desempeço,riddance,NOUN,dɨzẽˈpesu,,de.sem.pe.ço,Derivação regressiva de desempeçar,ato ou efeito de desempecer; remoção do que estorva; alívio,https://www.infopedia.pt/dicionarios/lingua-portuguesa/desempeço,alívio|desafogo|desaperto,,,,,,
desempeço,free_up,VERB,dɨzẽˈpɛsu,desempeçar,de.sem.pe.çar,De des-+empeçar,,https://www.infopedia.pt/dicionarios/lingua-portuguesa/desempeçar,,aboçar|angariar|aporfiar,,desempacar|desempecer|desempegar,,,desempeçado
desemprego,noun,NOUN,dɨzẽˈpɾeɡu,,de.sem.pre.go,Derivação regressiva de desempregar,"falta de emprego; situação de quem, tendo condições e disposição para trabalhar, não tem emprego; quantidade de pessoas que não têm emprego (numa dada área ou em determinado setor de atividade)",https://www.infopedia.pt/dicionarios/lingua-portuguesa/desemprego,,cabeça-de-prego|chasco-do-rego|larego,,,,,auxílio-desemprego|boom|crise
desemprego,verb,VERB,dɨzẽˈpɾɛɡu,desempregar,de.sem.pre.gar,De des-+empregar,,https://www.infopedia.pt/dicionarios/lingua-portuguesa/desempregar,demitir|depor|despedir,afeiçoar|angustiar|assoar,,,,,desanichar
desenredo,denouement,NOUN,dɨzẽˈʁedu,,de.sen.re.do,Derivação regressiva de desenredar,"separação do que está enredado ou emaranhado; descoberta ou neutralização de intriga, conspiração, etc.; desenlace; solução",https://www.infopedia.pt/dicionarios/lingua-portuguesa/desenredo,chave|desfecho|epílogo,alvoredo|asneiredo|azeredo,desenredado|desenredador|desenredamento,,,,
desenredo,disentangle,VERB,dɨzẽˈʁɛdu,desenredar,de.sen.re.dar,De des-+enredar,desfazer o enredo de; resolver; explicar; tirar de apuros,https://www.infopedia.pt/dicionarios/lingua-portuguesa/desenredar,clarificar|decidir|descartar,aboiar|amontoar|bolear,desenrascanço|desenrascar|desenredado,,,,derriça|derriçar|desembaralhar
desespero,despair,NOUN,dɨzɨʃˈpeɾu,,de.ses.pe.ro,Derivação regressiva de desesperar,falta de esperança acompanhada de sentimentos violentos de mágoa e/ou revolta; sensação de impotência; aflição,https://www.infopedia.pt/dicionarios/lingua-portuguesa/desespero,aflição|desconsolação|desesperança,destempero|exaspero|pero,,,,,desesperado|desesperador|desesperante
desespero,despair_at,VERB,dɨzɨʃˈpɛɾu,desesperar,de.ses.pe.rar,De des-+esperar,tirar a esperança a; afligir; encolerizar; não ter esperança; encolerizar-se; afligir-se,https://www.infopedia.pt/dicionarios/lingua-portuguesa/desesperar,abater|afligir|agitar,acaroar|administrar|aporfiar,,,,,arrepelar|danar|desgostar
desgelo,defrosting,NOUN,dɨˈʒelu,,des.ge.lo,Derivação regressiva de desgelar,,https://www.infopedia.pt/dicionarios/lingua-portuguesa/desgelo,,bongoluelo|camuelo|congelo,,,,,
desgelo,defrost,VERB,dɨˈʒɛlu,desgelar,des.ge.lar,De des-+gelar,,https://www.infopedia.pt/dicionarios/lingua-portuguesa/desgelar,,afeiçoar|amarelar|apreciar,,degelar|desgoelar|despelar,,,desenregelar|desgelado
desgosto,sorrow,NOUN,dɨʒˈɡoʃtu,,des.gos.to,De des-+gosto,ausência de gosto; mágoa; desagrado,https://www.infopedia.pt/dicionarios/lingua-portuguesa/desgosto,aversão|desagrado|desconsolação,agosto|antegosto|contragosto,desgornir|desgostado|desgostante,,,,agastado|agrura|amofinação
desgosto,dislike,VERB,dɨʒˈɡɔʃtu,desgostar,des.gos.tar,De des-+gostar,causar desgosto a; aborrecer; não gostar; perder o gosto; aborrecer-se; melindrar-se; desesperar de,https://www.infopedia.pt/dicionarios/lingua-portuguesa/desgostar,aborrecer|desagradar|desaprazer,abarbatar|avatar|beneficiar,desgorjado|desgornido|desgornir,,,,afligir|anojar|contristar
desmantelo,dismantling,NOUN,dɨʒmɐ̃ˈtelu,,des.man.te.lo,Derivação regressiva de desmantelar,ato ou efeito de desmantelar(-se); menstruação; qualquer perturbação genital feminina,https://www.infopedia.pt/dicionarios/lingua-portuguesa/desmantelo,,butelo|camartelo|castelo,,,,,
desmantelo,dismantle,VERB,dɨʒmɐ̃ˈtɛlu,desmantelar,des.man.te.lar,"Do francês démanteler, «demolir»","demolir (muralhas, paredes); desaparelhar (navios); desmanchar; desfazer (organização, sistema, etc.) de forma gradual, destruindo a unidade ou coerência; arrasar; desmoronar-se; desfazer-se de forma gradual, perdendo a unidade ou coerência",https://www.infopedia.pt/dicionarios/lingua-portuguesa/desmantelar,abater|arrasar|arruinar,aniquilar|aparentelar|assinalar,,,,,derribar|descomissionar|desencastelar
despego,detachment,NOUN,dɨʃˈpeɡu,,des.pe.go,Derivação regressiva de despegar,"ato ou efeito de despegar; falta de apego, de afeição",https://www.infopedia.pt/dicionarios/lingua-portuguesa/despego,desafeição|desafeto|desamor,,,desapego|despejo|despeso,,,despegamento
despego,detach,VERB,dɨʃˈpɛɡu,despegar,des.pe.gar,De des-+pegar,separar (o que está pegado); suspender (trabalho); desprender-se; perder o apego,https://www.infopedia.pt/dicionarios/lingua-portuguesa/despegar,abandonar|cessar|deixar,afeiçoar|agregar|alagar,,desapegar|descegar|desnegar,,,desafixar|desagarrar|desajustar
despojo,spoils,NOUN,dɨsˈpoʒu,,des.po.jo,Derivação regressiva de despojar,ato ou efeito de despojar; espólio; presa; o que se desprende ou se arranca depois de ter servido de adorno; restos; restos mortais,https://www.infopedia.pt/dicionarios/lingua-portuguesa/despojo,,,despois|despojado|despojador,,,,esbulho
despojo,strip,VERB,dɨsˈpɔʒu,despojar,des.po.jar,"Do latim despoliāre, «idem», pelo castelhano despojar, «despojar»",privar da posse de; tirar; roubar; deixar | largar; despir-se,https://www.infopedia.pt/dicionarios/lingua-portuguesa/despojar,desapossar|descobrir|desnudar,atuar|bezoar|caldear,despoetizar|despois|despojado,,,,crestar|desapossar|desfloração
desprezo,contempt,NOUN,dɨʃˈpɾezu,,des.pre.zo,Derivação regressiva de desprezar,ato ou efeito de desprezar; falta de estima ou apreço; desconsideração por alguém ou por alguma coisa,https://www.infopedia.pt/dicionarios/lingua-portuguesa/desprezo,bombarato|contempto|dedignação,,desprezavelmente|desprezibilidade|desprezível,,,,abjeção|abominosamente|apre
desprezo,despise,VERB,dɨʃˈpɾɛzu,desprezar,des.pre.zar,De des-+prezar,não prezar; votar ao desprezo; não fazer caso de; rebaixar-se; envergonhar-se,https://www.infopedia.pt/dicionarios/lingua-portuguesa/desprezar,desacatar|desatender|desconsiderar,africanizar|assoar|balcanizar,,,,,abasmar|achinelar|apoucar
destroço,wreckage,NOUN,dɨʃˈtɾosu,,des.tro.ço,Derivação regressiva de destroçar,ato ou efeito de destroçar; desbarate; ruína; restos de algo que foi destruído,https://www.infopedia.pt/dicionarios/lingua-portuguesa/destroço,aniquilação|desbarato|destruição,alvoroço|caroço|coroço,destroçador|destroçamento|destrocar,,,,abalroamento
destroço,wreck,VERB,dɨʃˈtɾɔsu,destroçar,des.tro.çar,De des-+troço+-ar,dividir em troços (por meio da força); dispersar; desbaratar; derrotar; arruinar; causar grande dor moral a,https://www.infopedia.pt/dicionarios/lingua-portuguesa/destroçar,afugentar|aniquilar|arruinar,aboiar|assoar|assobiar,destrocado|destroçado|destroçador,destocar|destroca|destrocar,,,derrotar|destroca|destrocado
desvelo,devotion,NOUN,dɨʒˈvelu,,des.ve.lo,Derivação regressiva de desvelar,cuidado carinhoso; vigilância; zelo; extremo carinho; objeto ou pessoa por quem se têm esses sentimentos,https://www.infopedia.pt/dicionarios/lingua-portuguesa/desvelo,afeição|afeto|apreço,andarivelo|bongoluelo|camuelo,,,,,apanicar|cuidado|exação
desvelo,unveil,VERB,dɨʒˈvɛlu,desvelar,des.ve.lar,De des-+velar,ter muito cuidado; esforçar-se; tirar o véu a; limpar; clarificar; manifestar; revelar,https://www.infopedia.pt/dicionarios/lingua-portuguesa/desvelar,,abacelar|aboiar|aparabolar,,desgelar|despelar|desselar,,,desocultar|desvelamento
dobro,double,NOUN,ˈdobɾu,,do.bro,"Do latim duplu-, «o dobro»",,https://www.infopedia.pt/dicionarios/lingua-portuguesa/dobro,,desdobro|redobro|seisdobro,,cobro|dobra|dobre,,,diplostémone|diterpeno|duplicação
dobro,fold,VERB,ˈdɔbɾu,dobrar,do.brar,"Do latim tardio duplāre, «idem», de duplum, «o dobro»","virar, de modo que uma ou mais partes de um objeto fiquem sobrepostas a outra ou outras; fazer curvar; dar voltas a; enrolar; voltar; passar além de; tornar mais ativo; demover; substituir a parte falada ou cantada de um filme ou a locução de um programa por uma versão equivalente em língua diferente; modificar; crescer outro tanto; tocar; ceder a; aumentar; humilhar-se",https://www.infopedia.pt/dicionarios/lingua-portuguesa/dobrar,bater|curvar|demover,afiambrar|aziar|balbuciar,dobradora|dobradura|dobragem,cobrar|dobar|dobra,falecimento|filme|objeto,,açacaladeira|averdugar|avergar
domo,dome,NOUN,ˈdomu,,do.mo,"Do italiano duomo, «catedral»","parte superior e exterior da cúpula de um edifício; construção ou estrutura que, pela sua forma hemisférica, se assemelha a esse elemento arquitetónico; dobra anticlinal em que a superfície dobrada se inclina igualmente – ou quase – em todas as direções",https://www.infopedia.pt/dicionarios/lingua-portuguesa/domo,,,,como|damo|demo,,,pão de açúcar
domo,tame,VERB,ˈdɔmu,domar,do.mar,"Do latim domāre, «idem»",amansar ou vencer a resistência de; dominar; exercer domínio sobre os impulsos ou instintos de,https://www.infopedia.pt/dicionarios/lingua-portuguesa/domar,acarneirar|amansar|conter,aboiar|apreciar|atuar,,adomar|comar|doar,,,acertador|adomar|beluária
empeno,warping,NOUN,ẽˈpenu,,em.pe.no,Derivação regressiva de empenar,ato de empenar | empenamento; torcedura causada na madeira pela humidade ou pelo calor; estorvo; dificuldade; diferença de contas,https://www.infopedia.pt/dicionarios/lingua-portuguesa/empeno,berbicacho|dificuldade|embaraço,bieno|butadieno|licopeno,,empena|empenho|empeso,,,desempenado|desempenar|empenamento
empeno,warp,VERB,ẽˈpɛnu,empenar,em.pe.nar,De empinar,torcer ou curvar por efeito da humidade ou do calor; desviar-se da linha de prumo; criar penas; cobrir-se de penas; enfeitar-se,https://www.infopedia.pt/dicionarios/lingua-portuguesa/empenar,,aboiar|adernar|arruar,,empanar|empear|empegar,,,corcar|empenamento|empeno
emperro,jam,NOUN,ẽˈpeʁu,,em.per.ro,Derivação regressiva de emperrar,,https://www.infopedia.pt/dicionarios/lingua-portuguesa/emperro,,,empernicado|empernicar|emperrado,,,,emperramento
emperro,stick,VERB,ẽˈpɛʁu,emperrar,em.per.rar,De em-+perro+-ar,"tornar perro; dificultar ou impossibilitar o movimento ou a articulação de; obstar a; ficar parado, não podendo ou não querendo mover-se; não saber o que fazer ou dizer",https://www.infopedia.pt/dicionarios/lingua-portuguesa/emperrar,atrapalhar|dificultar|encravar,apressurar|azamboar|bezoar,,emparrar|empedrar|empeirar,,,emperramento|engargantar|entourar
emprego,job,NOUN,ẽˈpɾeɡu,,em.pre.go,Derivação regressiva de empregar,ato ou efeito de empregar ou empregar-se; ocupação remunerada; funções de empregado; aplicação ou exercício de faculdades; colocação; uso; função,https://www.infopedia.pt/dicionarios/lingua-portuguesa/emprego,aplicação|cargo|colocação,cabeça-de-prego|chasco-do-rego|desemprego,empregado|empregador|empregar,,,,apotegmatismo|bassa|betacismo
emprego,employ,VERB,ẽˈpɾɛɡu,empregar,em.pre.gar,"Do latim implicāre, «envolver»",dar emprego a; aplicar; fazer uso de | utilizar; ocupar; passar a ter emprego; dedicar-se,https://www.infopedia.pt/dicionarios/lingua-portuguesa/empregar,,aboiar|adomingar|agenciar,,,,,adjetivar|adoperar|anichar
encosto,backrest,NOUN,ẽˈkoʃtu,,en.cos.to,Derivação regressiva de encostar,"coisa a que alguém ou outra coisa se encosta; costas de um assento; proteção; tipo de enxerto; pressão ou empurrão mais ou menos ligeiro; faixa de terreno cercada por mato, com uma só entrada; zona em que se formam poças nas margens de um rio; espírito desencarnado, que acompanha alguém para o ajudar ou perturbar; amante",https://www.infopedia.pt/dicionarios/lingua-portuguesa/encosto,amparo|anteparo|apoio,,,,,,achego|apoia-nuca|arrimo
encosto,lean,VERB,ẽˈkɔʃtu,encostar,en.cos.tar,De en-+costa+-ar,"colocar lado a lado; apoiar (alguém ou alguma coisa) contra um objeto, para que não caia; fechar (porta, janela) deixando-a fora do trinco; pôr de parte; apoiar-se; deitar-se; procurar a proteção de alguém; escapar ou procurar escapar a trabalho ou tarefa",https://www.infopedia.pt/dicionarios/lingua-portuguesa/encostar,abandonar|achegar|acostar,abitar|amontoar|assetar,encostador|encostalado|encostalar,encestar|encistar|encoitar,,,abarbar|abordar|acaroar
engodo,bait,NOUN,ẽˈɡodu,,en.go.do,Derivação regressiva de engodar,alimento usado para atrair animais para caçar ou pescar; coisa com que se atrai alguém; substância fértil que as águas arrastam de terra cultivada,https://www.infopedia.pt/dicionarios/lingua-portuguesa/engodo,adulação|aliciação|atrativo,eka-iodo|godo|iodo,,engado|engobo|engordo,,,anzol|baratim|cevo
engodo,lure,VERB,ẽˈɡɔdu,engodar,en.go.dar,De origem obscura,"atrair (caça, peixe) por meio de engodo; enganar com promessas vãs",https://www.infopedia.pt/dicionarios/lingua-portuguesa/engodar,aliciar|atrair|cevar,afalcoar|arruar|baquetear,engobe|engobo|engodado,encodar|engobar|engoiar,,,embelecar|engodativo|enviscar
enredo,plot,NOUN,ẽˈʁedu,,en.re.do,Derivação regressiva de enredar,ato de enredar ou enredar-se; embaraço; situação complicada; confusão; intriga; conjunto de acontecimentos que constituem a ação de uma narrativa,https://www.infopedia.pt/dicionarios/lingua-portuguesa/enredo,alhada|ardil|argumento,bredo|citaredo|credo,,,,,bisbilhotice|caraminhola|desenredar
enredo,entangle,VERB,ẽˈʁɛdu,enredar,en.re.dar,De en-+rede+-ar,"colher na rede; armar rede a; emaranhar; confundir; comprometer; dilatar; trabalhar pouco, estorvando quem trabalha; prender-se na rede; emaranhar-se; enlear-se",https://www.infopedia.pt/dicionarios/lingua-portuguesa/enredar,alcovitar|complicar|comprometer,agradar|albardar|apreciar,,,,,amalhar|amalhoar|atrigar-se
entorno,surroundings,NOUN,ẽˈtoɾnu,,en.tor.no,Derivação regressiva de entornar,"aquilo que rodeia algo ou alguém; área que rodeia uma povoação ou uma cidade; todo o espaço que rodeia uma construção; em topologia, conjunto dos pontos que se encontram à volta de um dado ponto",https://www.infopedia.pt/dicionarios/lingua-portuguesa/entorno,,contorno|dintorno|estorno,,,,,
entorno,spill,VERB,ẽˈtɔɾnu,entornar,en.tor.nar,"Do latim in-+tornāre, «tornear; voltar»","inclinar ou voltar (recipiente), voluntariamente ou não, derramando o seu conteúdo; dar em grande quantidade | prodigalizar; difundir | espalhar; gastar | desperdiçar; virar-se; derramar-se; embriagar-se",https://www.infopedia.pt/dicionarios/lingua-portuguesa/entornar,beber|derramar|despejar,adernar|apreciar|baquetear,entoprocto|entóptico|entorna,encornar|enfornar|ensornar,,,chimpar|derramamento|derramar
erro,error,NOUN,ˈeʁu,,er.ro,Derivação regressiva de errar,"decisão, ato ou resposta incorreta; qualidade daquilo que não corresponde à verdade; apreciação ou julgamento que está em desacordo com a realidade observada; falta; valor absoluto da diferença (desvio) entre o valor exato e o valor calculado ou registado por observação; diferença no valor medido de uma grandeza ou quantidade devido a imperfeições do instrumento de medida e/ou incorreção de leitura do observador",https://www.infopedia.pt/dicionarios/lingua-portuguesa/erro,cinca|desacerto|desregramento,aterro|berro|bezerro,,berro|cerro|ergo,,,anacronismo|borregada|bugar
erro,err,VERB,ˈɛʁu,errar,er.rar,"Do latim errāre, «idem»",enganar-se em; cometer erro em; não acertar em; cometer erro; enganar-se; agir de forma incorreta ou pouco adequada; vaguear,https://www.infopedia.pt/dicionarios/lingua-portuguesa/errar,amoinar|bandarrear|bandurrear,arruar|bambalear|barrear,,berrar|cerrar|ermar,,,andejar|argola|argolar
esboço,sketch,NOUN,ɨʒˈbosu,,es.bo.ço,"Do italiano sbozzo, «esboço»",delineamento inicial de um desenho ou obra de pintura; resumo; plano sumário; sinopse de uma obra literária; princípio; ação iniciada mas não completada; estádio inicial de algo que pode ser aperfeiçoado e desenvolvido; noções gerais,https://www.infopedia.pt/dicionarios/lingua-portuguesa/esboço,alinhavo|apanhado|borrão,,esboçar|esbocelado|esbocelar,,,,adumbração|adumbrado|alinhavo
esboço,outline,VERB,ɨʒˈbɔsu,esboçar,es.bo.çar,"Do italiano sbozzare, «esboçar; delinear»",fazer ou traçar o esboço de; delinear; dar uma leve ideia de; idealizar nas suas linhas gerais; deixar entrever; iniciar (uma ação ou um gesto) sem completar; começar a aparecer; começar a tomar forma,https://www.infopedia.pt/dicionarios/lingua-portuguesa/esboçar,adumbrar|alinhavar|arregrar,aboiar|ajustiçar|apreciar,,desbocar|embocar|esbicar,,,abocetar|adumbrar|aflorar
escabelo,stool,NOUN,ɨʃkɐˈbelu,,es.ca.be.lo,"Do latim scabellu-, «idem», diminutivo de scamnu-, «escano; escabelo»","assento raso; banco baixo para descanso dos pés; banco comprido e largo, de assento móvel, que constitui uma caixa a que o assento serve de tampa",https://www.infopedia.pt/dicionarios/lingua-portuguesa/escabelo,,andrebelo|arrepia-cabelo|bongoluelo,,,,,escano|hipopódio|preguiceiro
escabelo,dishevel,VERB,ɨʃkɐˈbɛlu,escabelar,es.ca.be.lar,De es-+cabelo+-ar,proceder à escabela de; arrancar o pelo ou o cabelo a; desgrenhar,https://www.infopedia.pt/dicionarios/lingua-portuguesa/escabelar,,afeiçoar|aparentelar|assobiar,,descabelar|encabelar|escabela,,,escabelado
escorço,foreshortening,NOUN,ɨʃˈkoɾsu,,es.cor.ço,"Do italiano scorcio, «idem»","redução das dimensões de um desenho; figura mais pequena que o objeto representado; obra de pequenas dimensões; síntese; esboço; vasilha de cortiça, também designada corticeira",https://www.infopedia.pt/dicionarios/lingua-portuguesa/escorço,,,,,,,escorçar
escorço,foreshorten,VERB,ɨʃˈkɔɾsu,escorçar,es.cor.çar,De escorço+-ar,,https://www.infopedia.pt/dicionarios/lingua-portuguesa/escorçar,,acaroar|avaliar|carmear,,escocar|esconcar|escorar,,,escorçado
esforço,effort,NOUN,ɨʃˈfoɾsu,,es.for.ço,Derivação regressiva de esforçar,"ato ou efeito de esforçar ou esforçar-se; emprego de força, de energia; tentativa; diligência; coragem",https://www.infopedia.pt/dicionarios/lingua-portuguesa/esforço,bravura|custo|dificuldade,,esfondílio|esforçadamente|esforçado,,,,afincamento|afinco|aloite
esforço,strive,VERB,ɨʃˈfɔɾsu,esforçar,es.for.çar,De es-+força+-ar,"dar coragem a; reforçar; fazer esforço; encher-se de coragem; empregar toda a força, toda a energia e diligência para conseguir alguma coisa",https://www.infopedia.pt/dicionarios/lingua-portuguesa/esforçar,alentar|animar|aumentar,agenciar|amontoar|avaliar,esfomear|esfondílio|esforçadamente,,,,aburguesado|aburguesar|afadigar
esmero,meticulousness,NOUN,ɨʒˈmeɾu,,es.me.ro,Derivação regressiva de esmerar,ato ou efeito de esmerar ou esmerar-se; perfeição; cuidado extremo; correção,https://www.infopedia.pt/dicionarios/lingua-portuguesa/esmero,alinho|apuro|asseio,,,,,,abonecar|acuradamente|afiambrado
esmero,perfect,VERB,ɨʒˈmɛɾu,esmerar,es.me.rar,"Do latim *exmerāre, «purificar», de meru-, «puro»",fazer com esmero; aperfeiçoar; aperfeiçoar-se; empregar todos os esforços,https://www.infopedia.pt/dicionarios/lingua-portuguesa/esmerar,aperfeiçoar|apurar|polir,aclarar|acocorar|afeiçoar,,,,,afiambrar|apilandrar-se|aprimorar
espeto,skewer,NOUN,ɨʃˈpetu,,es.pe.to,"Do germânico speuta, «espeto»","haste de ferro ou pau em que se enfia carne, peixe, etc. para assar; pau aguçado numa das extremidades; pessoa alta e muito magra; incómodo",https://www.infopedia.pt/dicionarios/lingua-portuguesa/espeto,aborrecimento|aguço|complicação,arsenieto|aspeto|come-quieto,,aspeto|espato|esperto,,,aguço|carapeto|churrasco
espeto,stab,VERB,ɨʃˈpɛtu,espetar,es.pe.tar,De espeto+-ar,"atravessar ou furar com espeto ou objeto pontiagudo; fazer passar de um lado para o outro; dar; pôr; ficar atravessado por objeto pontiagudo; meter-se; sofrer um fracasso; comprometer-se; pôr ou ficar para cima, na vertical; ter uma queda ou acidente",https://www.infopedia.pt/dicionarios/lingua-portuguesa/espetar,comprometer|cravar|encalacrar,abarbatar|afectar|assobiar,espetadela|espetado|espetador,especar|espectar|espeitar,,,aferretoar|aferroar|arpear
estofo,stuffing,NOUN,ɨʃˈtofu,,es.to.fo,De estofa,"tecido grosso, encorpado, geralmente utilizado para forrar sofás, cadeiras, etc. e para reposteiros; algodão, lã ou outros materiais que se utiliza para acolchoar cadeiras, sofás, etc.; condição; resistência física ou psicológica; mobília revestida com estofo (tecido grosso)",https://www.infopedia.pt/dicionarios/lingua-portuguesa/estofo,classe|condição|espécie,,,,,,alceamento|alcear|alepina
estofo,upholster,VERB,ɨʃˈtɔfu,estofar,es.to.far,De estofa+-ar,"forrar com tecido (sofás, cadeiras, etc.); encher com material macio (cadeira, almofada, etc.) para dar mais volume",https://www.infopedia.pt/dicionarios/lingua-portuguesa/estofar,,bezoar|bufar|carpear,,esbofar|estafar|estocar,,,acolchoar|chumaçar|enchumaçar
forma,mould,NOUN,ˈfoɾmɐ,,for.ma,"Do latim forma-, «idem»","conjunto dos limites exteriores de um objeto ou de um corpo que lhe conferem um feitio, uma configuração ou uma determinada aparência; objeto que se percebe de maneira confusa e cujas características não se consegue precisar; modo de expressão em obra plástica ou literária; modo; estado físico ou intelectual; palavras que acompanham um rito; realização concreta de algo; conjunto dos contornos exteriores de uma superfície ou de um sólido; disposição ordenada de tropas; estrutura; série de características fonológicas, gramaticais e lexicais das unidades linguísticas; cada uma das diversas realizações de uma unidade lexical; conjunto das formalidades que devem ser respeitadas quando se realiza um ato jurídico para que este tenha validade; princípio que determina a unidade e a essência de um ser; estruturas cognitivas inatas, isto é, independentes da experiência, impostas pelo pensamento à matéria do conhecimento, procedente da experiência; grupo de seres de uma espécie, em que se consideram caracteres específicos; modalidade de apresentação de um produto farmacêutico; estrutura de uma composição; contornos exteriores de uma pessoa; molde sobre ou dentro do qual se cria alguma coisa que toma o seu feitio e as suas dimensões; peça de madeira que imita o pé, utilizada no fabrico de calçado; peça usada em chapelaria para moldar a copa do chapéu; copa do chapéu; armação interior de alguns chapéus; aro ou molde em que se aperta e espreme o queijo; tipo pronto para entrar na máquina de impressão",https://www.infopedia.pt/dicionarios/lingua-portuguesa/forma,,,forjável|forjicado|forjicador,corma|farma|firma,,,abadalar|abastionar|abobadar
forma,shape,VERB,ˈfɔɾmɐ,formar,for.mar,"Do latim formāre, «idem»",dar origem a; dar forma a; ter a forma de; conceber; constituir; organizar; fundar; transmitir valores a; transmitir conhecimentos que permitem exercer uma dada atividade; promover a formatura de; estabelecer; descrever; tomar forma; desenvolver-se; educar-se; fazer um curso universitário,https://www.infopedia.pt/dicionarios/lingua-portuguesa/formar,alinhar|arquitetar|conceber,acaroar|arruar|chuchurrear,,firmar|forcar|forjar,,,acachoar|acaudalar|acharcar
forro,lining,NOUN,ˈfoʁu,,for.ro,"Do antigo alto-alemão fuotar, «forro, proteção», hoje Futter, «idem», pelo francês antigo feurre, «idem»","qualquer material que serve para encher, revestir ou reforçar interiormente um artefacto; revestimento interior de peças de vestuário e calçado; revestimento de cadeiras, sofás, etc.; chumaço; entretela; série de tábuas utilizadas para revestir o teto de um compartimento; espaço compreendido entre o teto e o telhado; papel que reveste as paredes; cobertura exterior ou interior dos edifícios; revestimento exterior do fundo dos navios; natural de São Tomé e Príncipe; língua crioula de base lexical portuguesa falada em São Tomé",https://www.infopedia.pt/dicionarios/lingua-portuguesa/forro,,aforro|desaforro|entreforro,,aforro|borro|-orro,,,aforrado|aforramento|aforrar
forro,line,VERB,ˈfɔʁu,forrar,for.rar,,"revestir com tecido, papel ou outro material; enchumaçar; reforçar com entretela; servir de cobertura a; vestir-se; cobrir-se; conceder liberdade a; livrar de; libertar-se do cativeiro; livrar-se (de)",https://www.infopedia.pt/dicionarios/lingua-portuguesa/forrar,,afalcoar|amadurar|balbuciar,,aforrar|borrar|farrar,,,acolchoamento|acolchoar|aforrar
fosso,ditch,NOUN,ˈfosu,,fos.so,De fossa,"cova de profundidade variável; escavação profunda e regular feita à volta de fortificações para impedir o acesso ou o ataque do inimigo; sulco feito no solo para escoar as águas; em certos estádios, vala que separa o campo de jogo das bancadas, para impedir o acesso do público; reentrância que se estende a todo o comprimento de uma mesa de trabalho, para acomodar ferramentas e acessórios; distância grande entre pessoas ou coisas",https://www.infopedia.pt/dicionarios/lingua-portuguesa/fosso,augueira|cava|cova,antefosso|contrafosso|grande-osso,fossilista|fossilização|fossilizado,cosso|fisso|fosco,,,acústico|alcárcova|alcorca
fosso,root_up,VERB,ˈfɔsu,fossar,fos.sar,De fossa+-ar,abrir fossas ou fossos em; revolver com o objetivo de descobrir algo; empregar-se em trabalhos pesados; trabalhar arduamente,https://www.infopedia.pt/dicionarios/lingua-portuguesa/fossar,bisbilhotar|cavar|escavar,acaroar|afeiçoar|agenciar,fossa-moura|fossanga|fossangar,,,,afocinhar|cobra-nariz-de-porco|esfossar
gelo,ice,NOUN,ˈʒelu,,ge.lo,"Do latim gelu-, «gelo»",água no estado sólido; frio excessivo; indiferença; reação pouco amigável; insensibilidade,https://www.infopedia.pt/dicionarios/lingua-portuguesa/gelo,,bongoluelo|camuelo|congelo,gelificável|gelinhite|gelinho,belo|golo|melo,,,antigelo|banquisa|caipirosca
gelo,freeze,VERB,ˈʒɛlu,gelar,ge.lar,"Do latim gelāre, «idem»","converter (-se) em gelo; arrefecer muito | resfriar; tornar (-se) muito frio; (fazer) perder o entusiasmo; aterrorizar (-se) | paralisar, geralmente por medo",https://www.infopedia.pt/dicionarios/lingua-portuguesa/gelar,congelar|desalentar|desanimar,anielar|aniquilar|apelar,gelador|geladura|gelamonite,elar|galar|gear,,,codejar|cortar|neveira
golfo,gulf,NOUN,ˈɡoɫfu,,gol.fo,"Do grego kólpos, «golfo; baía», pelo latim tardio colfu- ou golfu-, «idem»","reentrância da costa de um continente ou de uma ilha grande, de grandes dimensões, superiores às de uma baía; porção de líquido que jorra com ímpeto e de uma vez; designação comum, extensiva às plantas do género Nymphaea, da família das Ninfeáceas, aquáticas, de folhas largas, geralmente arredondadas e flutuantes e flores solitárias, de coloração variada conforme as espécies",https://www.infopedia.pt/dicionarios/lingua-portuguesa/golfo,abismo|angra|baía,,golfinho-riscado|golfinho-roaz|golfinho-rotador,gofo|golfão|golfe,,,Agudás|alagamar|andamanês
golfo,spew,VERB,ˈɡɔɫfu,golfar,gol.far,De golfo+-ar,lançar às golfadas; dizer de modo arrebatado ou impetuoso,https://www.infopedia.pt/dicionarios/lingua-portuguesa/golfar,,acaroar|aporfiar|avaliar,,,,,abolçar|bofar|bolçar
gosto,like,VERB,ˈgɔʃtu,gostar,gos.tar,"Do latim gustāre, «tomar o gosto a»",achar (algo) agradável; achar saboroso; sentir prazer em; sentir simpatia ou afeição por (alguém); provar,https://www.infopedia.pt/dicionarios/lingua-portuguesa/gostar,adorar|amar|apreciar,acaroar|acoutar|aquilatar,,agostar|bostar|gastar,,,adorar|agradar|amar
gosto,taste,NOUN,ˈgoʃtu,,gos.to,"Do latim gustu-, «idem»",sentido pelo qual se percebe o sabor de qualquer coisa; sabor dos alimentos; capacidade de apreciação do valor estético de alguma coisa; elegância; cunho particular que um artista dá às suas produções; impressão ou prazer provocado por alguma coisa; agrado; critério; moda,https://www.infopedia.pt/dicionarios/lingua-portuguesa/gosto,afeição|amor|apetite,agosto|antegosto|contragosto,,agosto|costo|gasto,,,acepipar|afrancesar|anagramatismo
governo,government,NOUN,ɡuˈveɾnu,,go.ver.no,Derivação regressiva de governar,"ato ou efeito de governar; direção; exercício dos poderes de administração e orientação política dos diversos setores de um Estado; conjunto dos indivíduos eleitos ou designados para o exercício desses poderes; poder executivo; sistema político pelo qual se rege um Estado; exercício dos poderes de administração e orientação política de uma estrutura regional, local, etc.; território sob jurisdição de governador; duração de um exercício governamental; exercício dos poderes de administração e chefia de uma empresa, instituição, etc.; modo como se administra ou dirige algo; orientação; arranjo; capacidade de controlo sobre; leme do navio; rédeas e freio do cavalo; comporta entre reservatórios",https://www.infopedia.pt/dicionarios/lingua-portuguesa/governo,administração|direção|disciplina,Averno|duerno|hodierno,,,empresa|estado|estrutura,,antigovernamental|antigoverno|antipapado
governo,govern,VERB,ɡuˈvɛɾnu,governar,go.ver.nar,"Do latim gubernāre, «idem»",exercer o governo de; administrar; dominar; conduzir; pilotar; regular-se; arranjar-se,https://www.infopedia.pt/dicionarios/lingua-portuguesa/governar,administrar|chefiar|comandar,angariar|atazanar|baratear,,,administração|estado|organização,,abadessar|abichar|abiscoitar
gozo,enjoy,VERB,ˈgɔzu,gozar,go.zar,De gozo+-ar,ter prazer em; tirar proveito de; rir-se de alguém,https://www.infopedia.pt/dicionarios/lingua-portuguesa/gozar,aproveitar|desfruir|desfrutar,assoar|atuar|balbuciar,,gazar|gizar|gogar,,,antegozar|auferimento|auferir
gozo,enjoyment,NOUN,ˈgozu,,go.zo,"Do latim gaudĭu-, «satisfação; gozo», pelo castelhano gozo, «idem»",ato de gozar; satisfação material ou espiritual; motivo de divertimento; troça,https://www.infopedia.pt/dicionarios/lingua-portuguesa/gozo,,,,gazo|gobo|godo,,,aiuá|aluguer|antegozo
jogo,game,NOUN,ˈʒoɡu,,jo.go,"Do latim jocu-, «divertimento»","atividade lúdica executada por prazer ou recreio | divertimento | distração; atividade lúdica ou competitiva em que há regras estabelecidas e em que os praticantes se opõem, pretendendo cada um ganhar ou conseguir melhor resultado que o outro; em certos desportos, ocasião em que se defrontam dois jogadores ou equipas; série de regras a cumprir numa atividade lúdica ou competitiva; conjunto de peças que permitem a realização de uma atividade lúdica; videojogo; conjunto de peças que formam um todo; atividade em que, geralmente, se arrisca dinheiro ou outra coisa; vício de jogar; cada uma das partes em que se divide uma atividade lúdica ou competitiva; o que é distribuído a cada jogador para poder jogar; valor das peças ou cartas repartidas por cada jogador; dinheiro que se arrisca em cada lance | parada; conjunto de bilhetes da lotaria; maneira de jogar | técnica utilizada por jogador ou equipa; manejo de uma arma; movimento normal das peças de um mecanismo; zona do veículo onde se encontram as rodas; mecanismo de direção de um veículo; oscilação de um navio; série de movimentos harmoniosos e coordenados; articulação de partes de um todo com um efeito artístico; maneira como um artista tira proveito dos recursos técnicos do seu instrumento; atividade lúdica utilizada com objetivos terapêuticos; namoro por gestos e olhares; confronto de ideias ou planos em que se pretende conseguir vantagens; comportamento; troça | escárnio; manobra | manha; sessão pública em que decorrem atividades lúdicas e competitivas com a presença de espectadores; pedra redonda e lisa boleada pelas correntes dos rios; pedra que os rapazes atiram",https://www.infopedia.pt/dicionarios/lingua-portuguesa/jogo,,,,fogo|gogo|joga,,,apanha-galegos|busca-três|catazola
jogo,play,VERB,ˈʒɔɡu,jogar,jo.gar,"Do latim *jocāre, por jocāri, «gracejar»","participar em (atividade lúdica ou competitiva), seguindo determinadas regras; praticar com regularidade (modalidade desportiva); arriscar ao jogo; atirar | lançar | arremessar; movimentar, oscilando; manejar habilmente | manipular; expor à sorte | aventurar | arriscar; dizer subitamente; tomar parte numa atividade lúdica, por prazer ou recreio; participar numa atividade em que, geralmente, se arrisca dinheiro ou outra coisa; ter o hábito ou o vício de participar em atividades em que se arrisca dinheiro; mover-se, oscilando | oscilar | balancear; funcionar; combinar",https://www.infopedia.pt/dicionarios/lingua-portuguesa/jogar,adaptar|agitar|arriscar,broquear|casuar|cornetear,,bogar|fogar|gogar,aproveitar|atividade|cotação,,baralha|baralhado|baralhar
jorro,jet,NOUN,ˈʒoʁu,,jor.ro,Derivação regressiva de jorrar,saída impetuosa e abundante de um líquido; emissão repentina de um feixe de luz; o que aparece subitamente e em grande quantidade; aumento de espessura na base das construções de alvenaria | alambor,https://www.infopedia.pt/dicionarios/lingua-portuguesa/jorro,alambor|bolhão|ejaculação,,,borro|corro|-orro,,,borbotão|borbulhão|chuveirada
jorro,gush,VERB,ˈʒɔʁu,jorrar,jor.rar,"Do árabe jurr, «arrastar» +-ar?",sair com força e abundância | irromper | brotar; surgir subitamente; fazer bojo,https://www.infopedia.pt/dicionarios/lingua-portuguesa/jorrar,,agenciar|aquapunturar|balbuciar,,borrar|forrar|jorra,,,bofar|borbotar|borbulhar
logro,deceit,NOUN,ˈloɡɾu,,lo.gro,"Do latim lucru-, «lucro; cupidez»",,https://www.infopedia.pt/dicionarios/lingua-portuguesa/logro,bombada|engano|fraude,,logramento|logrão|lograr,locro|logo|logrão,,,acalento|baratim|charlatanaria
logro,deceive,VERB,ˈlɔɡɾu,lograr,lo.grar,"Do latim lucrāre, «ter de lucro»",gozar a posse de; conseguir; enganar; aproveitar-se; gozar,https://www.infopedia.pt/dicionarios/lingua-portuguesa/lograr,adquirir|alcançar|aproveitar,alcandorar|assobiar|beirar,,legrar|logar|loirar,,,arrasar|bigodear|cachimbar
molho,bundle,VERB,ˈmɔʎu,molhar,mo.lhar,"Do latim *molliāre, por mollīre, «amolecer»",meter em líquido; derramar líquido sobre; embeber; humedecer,https://www.infopedia.pt/dicionarios/lingua-portuguesa/molhar,aguar|banhar|borrifar,arrepiar|atuar|baldear,,bolhar|emolhar|folhar,,,abrevar|acharcar|aspergir
molho,sauce,NOUN,ˈmoʎu,,mo.lho,"Do latim *manuclu-, por manupŭlu-, por manipŭlu-, «molho; feixe»","punhado | feixe | braçado | paveia; conjunto de coisas agrupadas; preparado de consistência cremosa, geralmente à base de azeite, leite, farinha e ervas aromáticas, que se junta aos alimentos cozinhados para lhes realçar o sabor; líquido em que se refogam alimentos; preparado doce, com consistência de calda, usado para acompanhar sobremesas; pancadaria",https://www.infopedia.pt/dicionarios/lingua-portuguesa/molho,,,,folho|malho|milho,,,caril|chatíni|chicaca
novelo,yarn_ball,NOUN,nuˈvelu,,no.ve.lo,"Do latim globellu-, diminutivo de globu-, «bola; globo»","bola formada de fio dobado e enrolado sobre si próprio; o que se enrola, assemelhando-se a essa bola; enredo; plantas da família das Hidrangeáceas, cultivadas nos jardins pela beleza das suas flores",https://www.infopedia.pt/dicionarios/lingua-portuguesa/novelo,embrulhada|enredo|grumo,andarivelo|bongoluelo|camuelo,novelística|novelisticamente|novelístico,novel|novela|novelão,,,anovelar|bagocho|bugacho
novelo,narrate,VERB,nuˈvɛlu,novelar,no.ve.lar,De novela+-ar,,https://www.infopedia.pt/dicionarios/lingua-portuguesa/novelar,,aboiar|arrepiar|atuar,,anovelar|enovelar|navelar,,,novelado
olho,eye,NOUN,ˈoʎu,,o.lho,"Do latim ocŭlu-, «idem»","órgão da visão constituído pelo globo ocular, situado na órbita e ligado ao cérebro pelo nervo ótico; abertura com a forma deste órgão; furo ou buraco redondo; nascente de água; gota de gordura na superfície de um líquido; gomo vegetal que origina um ramo normal; orifício de uma ferramenta por onde se mete e prende o cabo; cavidade no pão ou no queijo; cada uma das cavidades relativamente grandes de uma massa esponjosa; parte central, ainda nova e tenra, de plantas hortícolas, como a couve; cuidado | atenção; tino; esperteza | finura",https://www.infopedia.pt/dicionarios/lingua-portuguesa/olho,argúcia|atenção|broto,abrolho|caolho|cascarrolho,,alho|folho|lho,associação|auxílio|couve,,anopsia|arrefiar|catrapiscar
olho,look,VERB,ˈɔʎu,olhar,o.lhar,"Do latim *adoculāre, de ad+oculāre, «dar vista a; esclarecer»",observar com atenção; considerar; ocupar-se de; reparar em; velar por; julgar; dispensar benevolência a; estar voltado para; estar mais elevado em relação a,https://www.infopedia.pt/dicionarios/lingua-portuguesa/olhar,afrontar|analisar|arrostar,acaroar|afalcoar|afeiçoar,,alhar|bolhar|folhar,,,afitamento|anteontem|aspiciência
para,purpose,ADP,ˈpɐɾɐ,,pa.ra,"Do latim per ad, «por; para», pelo português antigo pera, «para»",introduz expressões que designam: 1. direção; estabelece uma relação entre quantidades,https://www.infopedia.pt/dicionarios/lingua-portuguesa/para,,almiara|antepara|apara,,parça|parka|parma,,,alicatão|anortear|aonde
para,stop,VERB,ˈpaɾɐ,parar,pa.rar,"Do latim parāre, «preparar»","interromper ou cessar o movimento ou a ação; (fazer) deixar de funcionar; (fazer) chegar ao fim; (fazer) não ter seguimento; estacionar; permanecer (em); chegar a (lugar, situação); estar; defender-se de (golpe, ataque); apostar ao jogo; residir; diminuir a intensidade de",https://www.infopedia.pt/dicionarios/lingua-portuguesa/parar,acabar|apostar|descansar,aboiar|amadurar|angariar,paraquedas|paraquedismo|paraquedista,parir|parra|pirar,,,anteparar|assilhar|buliçoso
pelo,by_the,ADP,ˈpɨlu,,pe.lo,"Do latim pilu-, «idem»","cada um dos órgãos filiformes, de origem epidérmica, que revestem a superfície do corpo dos mamíferos; produção filiforme à superfície da pele de muitos animais; lanugem dos frutos; penugem",https://www.infopedia.pt/dicionarios/lingua-portuguesa/pelo,,apelo|arrepelo|bongoluelo,pellet|pelletierina|pelmalgia,apelo|peco|pela,,,arcorreia|arsenicismo|astrocentro
pelo,hair,NOUN,ˈpelu,,pe.lo,"Do latim pilu-, «idem»","cada um dos órgãos filiformes, de origem epidérmica, que revestem a superfície do corpo dos mamíferos; produção filiforme à superfície da pele de muitos animais; lanugem dos frutos; penugem",https://www.infopedia.pt/dicionarios/lingua-portuguesa/pelo,,apelo|arrepelo|bongoluelo,pellet|pelletierina|pelmalgia,apelo|peco|pela,,,arcorreia|arsenicismo|astrocentro
pelo,peel,VERB,ˈpɛlu,pelar,pe.lar,De pele ou pelo+-ar,"tirar a pele, o pelo ou a casca a; tirar os haveres a (alguém), deixando-o ficar sem nada; escaldar; perder a pele, o pelo ou a casca; queimar-se ou escaldar-se",https://www.infopedia.pt/dicionarios/lingua-portuguesa/pelar,depilar|despelar|escabelar,atuar|aziar|barrear,,apelar|pecar|selar,,,despelar|estonar|pela
peso,weigh,VERB,ˈpɛzu,pesar,pe.sar,"Do latim pensāre, «pesar; apreciar»","ter (um dado peso); causar tristeza, desgosto ou arrependimento (a); pôr na balança para verificar o peso de; avaliar com a mão o peso de; considerar; calcular as consequências, o resultado de; exercer influência (sobre); ser responsável (por); ter peso em excesso; exercer pressão; afligir",https://www.infopedia.pt/dicionarios/lingua-portuguesa/pesar,abalançar|abatimento|aborrecer,amontoar|arensar|balbuciar,,apesar|desar|lesar,,,abalançar|agastado|agastamento
peso,weight,NOUN,ˈpezu,,pe.so,"Do latim pensu-, «peso»","força resultante das ações da gravidade sobre os corpos (peso absoluto); objeto metálico aferido, utilizado como medida, nas pesagens feitas com certos tipos de balança; esfera metálica utilizada para arremesso, na modalidade do atletismo designada lançamento do peso; tudo o que exerce pressão; tudo o que carrega ou oprime; carga; unidade monetária de Argentina, Chile, Colômbia, Cuba, Filipinas, México, República Dominicana e Uruguai; influência; merecimento; importância; ónus; incómodo; opressão; mal-estar; preocupação; responsabilidade; motivo; força; porção; cuidado; sensatez",https://www.infopedia.pt/dicionarios/lingua-portuguesa/peso,apoquentação|apreensão|autoridade,coeso|contrapeso|empeso,,geso|leso|meso,caro|carrega|conjunto,,acurvar|alacar|alancar
porto,carry,VERB,ˈpɔɾtu,portar,por.tar,"Do latim portāre, «transportar»",levar; conduzir; haver-se; comportar-se,https://www.infopedia.pt/dicionarios/lingua-portuguesa/portar,,ajustar|balbuciar|baldear,,aportar|cortar|hortar,,,aprumar|bobear|comportar
porto,harbour,NOUN,ˈpoɾtu,,por.to,"Do latim portu-, «idem»",sítio de uma costa ou de um rio onde os navios podem fundear; lugar onde se embarca ou desembarca; lugar de descanso; refúgio; vinho do Porto,https://www.infopedia.pt/dicionarios/lingua-portuguesa/porto,abra|abrigo|acolheita,aeroporto|anteporto|desporto,,porco|porno|portão,costa|embarcar|porto-alegrense,,anteporto|aportada|aportar
posto,post,VERB,ˈpɔʃtu,postar,pos.tar,De posto+-ar,"colocar-se; pôr-se de vigia; publicar mensagem ou comentário numa página de internet (em grupo de discussão, blogue, rede social, etc.); pôr (carta, encomenda, etc.) no correio",https://www.infopedia.pt/dicionarios/lingua-portuguesa/postar,,afalcoar|amulatar|assoar,,apostar|bostar|gostar,,,apostar|assestar
posto,station,NOUN,ˈpoʃtu,,pos.to,"Do latim vulgar postu-, por posĭtu-, «idem», particípio passado de ponĕre, «pôr; pôr de lado; afastar»","lugar que uma pessoa ou coisa ocupa com certa permanência; local em que está uma sentinela ou guarda de serviço; alojamento de tropas ou polícias; lugar fortificado, guarnecido de tropas; posição na hierarquia militar; dignidade; emprego; pequena instalação destinada a prestação rápida de socorros médicos ou de enfermagem; lugar que cada um deve ocupar no cumprimento das suas funções; lugar de venda",https://www.infopedia.pt/dicionarios/lingua-portuguesa/posto,cargo|colocado|depositado,autoimposto|bem-disposto|bem-posto,,aposto|costo|gosto,,,abalsado|abatelado|bambudo
reboco,plaster,NOUN,ʁɨˈboku,,re.bo.co,De origem obscura,camada de argamassa que na construção se aplica sobre o emboço das superfícies de forma a torná-las lisas e regulares; substância com que se reveste o interior de um vaso para o tornar impermeável,https://www.infopedia.pt/dicionarios/lingua-portuguesa/reboco,,bioco|caboco|chamboco,,rebojo|rebolo|reboo,,,acafelado|acafeladura|acafelamento
reboco,tow,VERB,ʁɨˈbɔku,rebocar,re.bo.car,De reboco+-ar,cobrir com reboco; maquilhar exageradamente ou de modo imperfeito,https://www.infopedia.pt/dicionarios/lingua-portuguesa/rebocar,,afalcoar|baquetear|barricar,,rebicar|reboar|rebojar,,,acafelar|alagem|alar
redobro,redoubling,NOUN,ʁɨˈdobɾu,,re.do.bro,Derivação regressiva de redobrar,"ato ou efeito de redobrar; valor ou quantidade correspondente a duas vezes o dobro de; repetição de fonemas em certo tipo de flexão verbal; repetição de uma sílaba, de um vocábulo ou de uma sequência de vocábulos, geralmente com finalidade expressiva",https://www.infopedia.pt/dicionarios/lingua-portuguesa/redobro,,desdobro|dobro|seisdobro,,,,,
redobro,redouble,VERB,ʁɨˈdɔbɾu,redobrar,re.do.brar,De re-+dobrar,dobrar novamente; duplicar outra vez; repetir; aumentar muito; tornar mais intenso; aumentar consideravelmente; tornar-se mais intenso | recrudescer; multiplicar-se; soar novamente,https://www.infopedia.pt/dicionarios/lingua-portuguesa/redobrar,aumentar|intensificar|multiplicar,afiambrar|atuar|azamboar,redizimar|redobradamente|redobrado,,,,congeminar|redobramento|redobro
reforço,reinforcement,NOUN,ʁɨˈfoɾsu,,re.for.ço,Derivação regressiva de reforçar,"ato ou efeito de reforçar; aquilo que serve para dar mais força, solidez, intensidade, resistência; material colocado em certas partes de determinados objetos (peça de vestuário, mala, encadernação, etc.) para os tornar mais resistentes; conjunto de soldados comandados por um cabo e que durante a noite montam postos de sentinela; unidade de combate, ou outro meio de ação, posta à disposição de um comando durante certo período ou até ao fim de uma operação para que especificamente tenha sido atribuído; pessoa que se junta a grupo ou equipa para a tornar mais forte ou eficiente no desempenho de certa tarefa; auxílio; tropas auxiliares",https://www.infopedia.pt/dicionarios/lingua-portuguesa/reforço,,,,,comando|operação|reforçar,,arcobotante|armamentização|atlanticismo
reforço,reinforce,VERB,ʁɨˈfɔɾsu,reforçar,re.for.çar,De re-+forçar,"dar mais força a | tornar mais forte; fortalecer (força militar), enviando tropas auxiliares; reanimar; pôr reforço em (peça de vestuário); coser mais do que uma vez as costuras de; intensificar; dar ênfase a; apoiar; tornar-se mais forte | fortalecer-se; intensificar-se; apoiar-se",https://www.infopedia.pt/dicionarios/lingua-portuguesa/reforçar,enrijecer|esforçar|fortalecer,aporfiar|atuar|azamboar,,,,,aceirar|austar|boçardas
rego,furrow,NOUN,ˈʁeɡu,,re.go,"Do latim rigŭu-, «que rega»",vala por onde passa água; sulco feito no solo pelo ferro do arado; sulco que as rodas de carro deixam | rodeira; ruga na pele; sulco entre as nádegas ou entre os seios; risca do penteado,https://www.infopedia.pt/dicionarios/lingua-portuguesa/rego,arrepanho|caneiro|conduto,burrego|cabeça-de-prego|carrego,regloscópio|regmaglipto|regmatogénio,ego|reg|reso,,,açacaia|arregoado|assocar
rego,water,VERB,ˈʁɛɡu,regar,re.gar,"Do latim rigāre, «idem»","banhar com água (a terra, as plantas), irrigando ou aspergindo | irrigar; molhar; acompanhar com bebida; deitar molho, vinho, etc., por cima de (alimento); aldrabar; passar através de",https://www.infopedia.pt/dicionarios/lingua-portuguesa/regar,aguar|banhar|borrifar,amontoar|beneficiar|caldear,,cegar|rega|relar,,,aguar|almarraxa|apoceirar
relevo,relief_terrain,NOUN,ʁɨˈlevu,,re.le.vo,Derivação regressiva de relevar,"ato ou efeito de relevar ou de fazer sobressair; saliência; forma escultural saliente sobre uma superfície que lhe serve de fundo; particularidade de gravura ou pintura em que determinadas figuras parecem ficar salientes, por causa das diferenças de profundidade que a perspetiva sugere; acidentes orográficos da superfície terrestre; evidência",https://www.infopedia.pt/dicionarios/lingua-portuguesa/relevo,destaque|evidência|proeminência,alto-relevo|baixo-relevo|coevo,relevância|relevante|relevantemente,,,,altibaixa|alto-relevo|anaglipto-
relevo,emphasize,VERB,ʁɨˈlɛvu,relevar,re.le.var,"Do latim relevāre, «levantar»",fazer sobressair | pôr em relevo; pintar em relevo; perdoar | desculpar | absolver; consentir; aliviar,https://www.infopedia.pt/dicionarios/lingua-portuguesa/relevar,absolver|aliviar|amenizar,arruar|bezoar|branquear,relevador|relevamento|relevância,elevar|prelevar|relegar,conveniente|preciso|saliente,,categorizar|embutideira|realçar
repelo,hair_pull,NOUN,ʁɨˈpelu,,re.pe.lo,Derivação regressiva de repelar,,https://www.infopedia.pt/dicionarios/lingua-portuguesa/repelo,,apelo|arrepelo|atropelo,repelência|repelente|repelido,rebelo|regelo|repelão,,,
repelo,pluck,VERB,ʁɨˈpɛlu,repelar,re.pe.lar,De re-+pelo+-ar,,https://www.infopedia.pt/dicionarios/lingua-portuguesa/repelar,arrancar|depenar|descabelar,aboiar|amarelar|aparentelar,,rapelar|rebelar|regelar,,,repelado
retorno,return,NOUN,ʁɨˈtoɾnu,,re.tor.no,Derivação regressiva de retornar,"ato ou efeito de retornar; objeto que se oferece em retribuição de outro recebido; o que se dá para igualar o valor de objetos trocados; troco; resultado ou consequência de um investimento; numa estrada, desvio próprio para permitir a inversão do sentido da marcha",https://www.infopedia.pt/dicionarios/lingua-portuguesa/retorno,demasia|diferença|regresso,contorno|dintorno|entorno,,,,,agachamento|agueiro|apocatástase
retorno,go_back,VERB,ʁɨˈtɔɾnu,retornar,re.tor.nar,De re-+tornar,voltar (ao ponto de partida); ir novamente (a); voltar a aparecer ou a manifestar-se; reatar; restituir; dar resposta a apelo ou tentativa de contacto,https://www.infopedia.pt/dicionarios/lingua-portuguesa/retornar,devolver|entregar|reconduzir,abochornar|acaroar|aporfiar,retorização|retorizar|retornado,,,,duodecimano|filopatria|filopátrico
rogo,plea,NOUN,ˈʁoɡu,,ro.go,Derivação regressiva de rogar,ato ou efeito de rogar; oração; intercessão; assalariamento de pessoas para trabalhos agrícolas,https://www.infopedia.pt/dicionarios/lingua-portuguesa/rogo,impetra|imploração|intercessão,,,fogo|gogo|jogo,,,impetra|impetração|imploração
rogo,beg,VERB,ˈʁɔɡu,rogar,ro.gar,"Do latim rogāre, «idem»",pedir com humildade e de forma insistente; assalariar para trabalhos agrícolas,https://www.infopedia.pt/dicionarios/lingua-portuguesa/rogar,assalariar|contratar|deprecar,aziar|branquear|carpear,rogada|rogado|rogador,regar|roga|rugar,,,ab-|ab-rogado|ab-rogar
rola,turtledove,NOUN,ˈɾolɐ,,ro.la,De origem onomatopeica,"designação comum, extensiva a diferentes aves da família dos Columbídeos, de porte inferior ao dos pombos, asas pontiagudas, cauda comprida e plumagem geralmente acinzentada, branca ou acastanhada; ave migratória, presente em Portugal sobretudo nos meses quentes, atinge perto de 30 centímetros de comprimento e apresenta olhos alaranjados e plumagem acinzentada na cabeça e no peito, com listas pretas e brancas no pescoço, padrão malhado em tons castanhos e ruivos no dorso e cauda bordeada a preto e branco; embriaguez; pénis",https://www.infopedia.pt/dicionarios/lingua-portuguesa/rola,,acerola|aiola|arola,,roga|rolé|sola,Columbídeos|rola-apunhalada|rola-brava,,diembe|papo de rola|rola-birmanesa
rola,rolls,VERB,ˈɾɔlɐ,rolar,ro.lar,"Do francês rouler, «idem»","fazer girar; fazer avançar, obrigando a dar voltas sobre si próprio; mover-se sobre si mesmo; cair, revoluteando ou girando; decorrer; andar sobre rodas; encapelar-se; acontecer; emitir (pombo ou rola) o som característico da sua espécie; cantar e embalar para fazer adormecer",https://www.infopedia.pt/dicionarios/lingua-portuguesa/rolar,,acaroar|apreciar|assobiar,,frolar|rola|rosar,,,bilhar|cabeça|devolver
rolo,roll,NOUN,ˈʁolu,,ro.lo,"Do latim rotŭlu-, «rolo de papel», pelo francês antigo rôle, «idem»","peça cilíndrica mais ou menos comprida; pavio de cera enrolado; pequeno cilindro revestido de lã e munido de um cabo, utilizado para pintar superfícies planas; película fotográfica; tufo de cabelo enrolado; embrulho; remoinho; crivo do funil; prato doce ou salgado preparado com uma massa enrolada com recheio; peça de carne bovina correspondente ao músculo flexor superficial do quarto traseiro do animal, especialmente indicada para estufar e assar; multidão de gente; sarilho",https://www.infopedia.pt/dicionarios/lingua-portuguesa/rolo,,arrolo|autocontrolo|azarolo,,golo|rogo|rol,,,arrolado|arrolar|autopiano
rolo,tumble,VERB,ˈʁɔlu,rolar,ro.lar,"Do francês rouler, «idem»","fazer girar; fazer avançar, obrigando a dar voltas sobre si próprio; mover-se sobre si mesmo; cair, revoluteando ou girando; decorrer; andar sobre rodas; encapelar-se; acontecer; emitir (pombo ou rola) o som característico da sua espécie; cantar e embalar para fazer adormecer",https://www.infopedia.pt/dicionarios/lingua-portuguesa/rolar,,acaroar|apreciar|assobiar,,frolar|rola|rosar,,,bilhar|cabeça|devolver
seco,dry,ADJ,ˈseku,,se.co,"Do latim siccu-, «idem»",privado de água ou de humidade; árido; que já não está verde; diz-se dos alimentos que se podem conservar; diz-se do fruto cujo pericarpo não é carnudo; designativo do pão duro ou que se come sem acompanhamento; diz-se do vinho que contém até 4 gramas por litro de açúcar residual; magro; ríspido; insensível; esgotado,https://www.infopedia.pt/dicionarios/lingua-portuguesa/seco,chupado|definhado|desabrido,boquisseco|charrueco|malacueco,,suco|sueco|tseco,alimentação|alimento|fruto,,
seco,dry_vb,VERB,ˈsɛku,secar,se.car,"Do latim siccāre, «idem»",(fazer) perder a humidade ou água; deixar de correr; murchar; desidratar (-se); (fazer) deixar de fluir (uma secreção); cicatrizar; (fazer) definhar; (fazer) cessar; maçar (-se); desejar o insucesso de outrem; ressequir-se; evaporar,https://www.infopedia.pt/dicionarios/lingua-portuguesa/secar,aborrecer|acabar|adelgaçar,abanicar|baldear|bolear,,ecar|pecar|recar,,,
sede,seat,NOUN,ˈsɛdɨ,,se.de,"Do latim sede-, «assento»","lugar onde alguém se pode sentar ou fixar; local onde funciona um tribunal, uma administração ou um governo; lugar onde se realiza um acontecimento; local onde uma instituição tem a sua direção ou administração; ponto onde se concentram certos factos ou fenómenos; assento de pedra fixo à parede, junto à janela, nas construções antigas; centro; sensação causada pela necessidade de beber; avidez; ânsia",https://www.infopedia.pt/dicionarios/lingua-portuguesa/sede,,,,fede|rede|sebe,,,
sede,thirst,NOUN,ˈsedɨ,,se.de,"Do latim sede-, «assento»","lugar onde alguém se pode sentar ou fixar; local onde funciona um tribunal, uma administração ou um governo; lugar onde se realiza um acontecimento; local onde uma instituição tem a sua direção ou administração; ponto onde se concentram certos factos ou fenómenos; assento de pedra fixo à parede, junto à janela, nas construções antigas; centro; sensação causada pela necessidade de beber; avidez; ânsia",https://www.infopedia.pt/dicionarios/lingua-portuguesa/sede,,,,fede|rede|sebe,,,
selo,stamp,NOUN,ˈselu,,se.lo,"Do latim sigillu-, «idem»","pequeno papel impresso, geralmente de forma retangular, adesivo numa das faces, destinado a pagar o envio de correspondência pelo correio; sinete ou carimbo empregado para autenticar documentos; sinal ou marca que fica estampada; tudo o que serve para selar; sinal; mancha; estigma; murro",https://www.infopedia.pt/dicionarios/lingua-portuguesa/selo,carimbo|chancela|cunho,aselo|bongoluelo|camuelo,,belo|seco|seló,certificação|correio|ficar,,
selo,seal,VERB,ˈsɛlu,selar,se.lar,De sela+-ar,"pôr selo em; marcar (documento) com chancela, geralmente para autenticar; tapar | vedar; fechar bem; firmar; concluir; sujar",https://www.infopedia.pt/dicionarios/lingua-portuguesa/selar,,arrepiar|avaliar|caldear,,elar|gelar|melar,,,
sobre,about,ADP,ˈsobɾɨ,,so.bre,"Do latim super, «idem»",em cima de | por cima de; acima de; acerca de; cerca de; ao longo de; na direção de; atrás de; após; num total de; um tanto; cobrado por,https://www.infopedia.pt/dicionarios/lingua-portuguesa/sobre,,,sobrar|sobrarco|sobrasado,cobre|dobre|nobre,,,acidentário|antropia|autorreflexivo
sobre,leftover,VERB,ˈsɔbɾɨ,sobrar,so.brar,"Do latim superāre, «idem»",haver em excesso; ficar como resto | restar; ser mais que suficiente (para); ficar mais alto do que (outro),https://www.infopedia.pt/dicionarios/lingua-portuguesa/sobrar,ficar|remanescer|restar,afalcoar|aziar|cavear,,cobrar|dobrar|obrar,,,
sobre,sail,NOUN,ˈsobɾɨ,,so.bre,"Do latim super, «idem»",,https://www.infopedia.pt/dicionarios/lingua-portuguesa/sobre,,,sobrar|sobrarco|sobrasado,cobre|dobre|nobre,,,acidentário|antropia|autorreflexivo
sobro,cork_oak,NOUN,ˈsobɾu,,so.bro,"Do latim vulgar *subĕru-, por subĕre-, «idem»","choça (carvão); árvore perenifólia, da família das Fagáceas, espontânea e cultivada (sobretudo para extração da cortiça) em Portugal, pode atingir cerca de 20 metros de altura e tem copa ampla, com folhas oblongas e coriáceas, pequenas flores amareladas reunidas em amentilhos e bolotas usadas na alimentação do gado",https://www.infopedia.pt/dicionarios/lingua-portuguesa/sobro,,,,cobro|dobro|sobra,,,
sobro,be_left_over,VERB,ˈsɔbɾu,sobrar,so.brar,"Do latim superāre, «idem»",haver em excesso; ficar como resto | restar; ser mais que suficiente (para); ficar mais alto do que (outro),https://www.infopedia.pt/dicionarios/lingua-portuguesa/sobrar,ficar|remanescer|restar,afalcoar|aziar|cavear,,cobrar|dobrar|obrar,,,
soco,punch,NOUN,ˈsoku,,so.co,Derivação regressiva de socar,"golpe com a mão fechada | murro; mossa que o pião faz noutro que lhe serve de alvo; prejuízo | desfalque; calçado com base de madeira | tamanco; pequeno pedestal para sobrelevar uma escultura ou para colocar cruzes, relicários, vasos ou jarras; elemento situado na parte inferior de parede ou muro, saliente e mais largo do que alto, que, por vezes, serve de base a um edifício ou uma coluna; faixa horizontal, com ou sem pequena saliência, pintada na base de um edifício com cor diferente da cor predominante da fachada; peanha; vasto maciço rochoso de nível estrutural inferior, de formação antiga e aplanado pela erosão, sobre a qual podem repousar camadas sedimentares mais recentes; parte inferior da harpa, onde assenta a caixa de ressonância e a coluna e onde se situa o sistema de pedais",https://www.infopedia.pt/dicionarios/lingua-portuguesa/soco,,,,moco|socó|soro,,,munhecaço
soco,strike,VERB,ˈsɔku,socar,so.car,De origem incerta,"dar socos em | esmurrar; sovar; pôr soco em; espalmar (a massa do pão); calcar (a pólvora) no canhão; apertar (a terra) à volta de uma pedra para a firmar; moer no almofariz; apertar fortemente (um nó); meter algo dentro de espaço ou recipiente exíguo, apertando ou espremendo para que caiba",https://www.infopedia.pt/dicionarios/lingua-portuguesa/socar,amassar|apertar|calcar,angariar|baquetear|baratear,socalcado|socalcar|socalco,soca|sodar|solar,,,
soldo,pay,NOUN,ˈsoɫdu,,sol.do,"Do latim solĭdu- [aureu-], «moeda de ouro sólida»",vencimento dos militares; vencimento | salário; antiga moeda francesa; antiga moeda portuguesa,https://www.infopedia.pt/dicionarios/lingua-portuguesa/soldo,ordenado|pré|remuneração,,,boldo|saldo|soado,,,
soldo,weld,VERB,ˈsɔɫdu,soldar,sol.dar,"Do latim solidāre, «consolidar»","unir, tapar ou reparar com solda; ligar | prender; consertar | reparar; unir-se; fechar",https://www.infopedia.pt/dicionarios/lingua-portuguesa/soldar,arranjar|consertar|fechar,aboiar|apelidar|baratear,soldadura|soldagem|soldanela,moldar|roldar|saldar,,,eletrossoldar
solto,loose,ADJ,ˈsoɫtu,,sol.to,"Do latim vulgar *soltu-, por solūtu-, particípio passado de solvĕre, «soltar»",que anda à solta; que foi colocado em liberdade; que tem liberdade | livre; que não está atado | desatado | desprendido; não reprimido; que não está esticado ou apertado | largo | frouxo; espalhado | desagregado; que está isento de dívida | desobrigado; descontínuo | entrecortado; que não é rimado; que vibra livre em toda a sua extensão; que navega sem companhia; licencioso,https://www.infopedia.pt/dicionarios/lingua-portuguesa/solto,desatado|descontínuo|desligado,,,molto|salto|soito,,,aprosado
solto,release,VERB,ˈsɔɫtu,soltar,sol.tar,"Do latim *solutāre, frequentativo de solvĕre, «soltar»","desprender ou libertar (o que está preso); desatar (o que está atado) | desembaraçar | desenrolar; desligar (o que está unido); atirar | disparar (tiro); proferir | emitir | pronunciar (palavra, som); lançar | exalar | libertar (odor, perfume); cantar | entoar; dar largas a | libertar (criatividade, imaginação); fazer funcionar; desinibir; libertar-se; desprender-se; desfraldar-se; pôr-se a caminho; desinibir-se",https://www.infopedia.pt/dicionarios/lingua-portuguesa/soltar,atirar|cantar|desagregar,aboiar|aditar|aquilatar,,coltar|saltar|solar,,,arriar|arrulhar
sopeso,heft,NOUN,suˈpezu,,so.pe.so,Derivação regressiva de sopesar,,https://www.infopedia.pt/dicionarios/lingua-portuguesa/sopeso,,coeso|contrapeso|empeso,,,,,
sopeso,weigh_up,VERB,suˈpɛzu,sopesar,so.pe.sar,De so-+pesar,tomar com a mão o peso de; sustentar o peso de; distribuir com regra e parcimónia; conter | refrear,https://www.infopedia.pt/dicionarios/lingua-portuguesa/sopesar,conter|controlar|dominar,arensar|arrepiar|avaliar,,,,,
sopro,breath,NOUN,ˈsopɾu,,so.pro,Derivação regressiva de soprar,"vento que se produz, impelindo o ar com a boca ou com um fole; ato de expelir com mais ou menos força o ar aspirado; ar expirado | bafo | hálito; aragem | brisa; som; inspiração; força; resto; som anormal que se deteta por auscultação e pode localizar-se em diversos órgãos cavitários, como pulmão ou coração; deslocamento violento e instantâneo de grandes massas de ar provocado pelo rebentamento alto de uma arma atómica; conjunto dos instrumentos de sopro",https://www.infopedia.pt/dicionarios/lingua-portuguesa/sopro,alento|anélito|aragem,,,sobro|sogro|sopor,arma|boca|expelir,,ar|assoprado|fliscorne
sopro,blow,VERB,ˈsɔpɾu,soprar,so.prar,"Do latim sufflāre, «idem»","dirigir o sopro para; encher de ar (balão, etc.); ser favorável a | favorecer; dizer em voz baixa | segredar; insinuar | sugerir; atear; produzir sopro; dirigir o sopro; ventar; fazer vento com a boca ou com o fole",https://www.infopedia.pt/dicionarios/lingua-portuguesa/soprar,aflar|assoprar|atear,agenciar|aporfiar|apressurar,soprador|sopragem|sopranino,sobrar|sograr|sopear,,,sopragem
sossego,calm,NOUN,suˈseɡu,,sos.se.go,Derivação regressiva de sossegar,ato ou efeito de sossegar; aquilo que permite sossegar; ausência de agitação | tranquilidade | paz | quietude; repouso,https://www.infopedia.pt/dicionarios/lingua-portuguesa/sossego,alívio|calma|conforto,,,,,,aquietação|assento
sossego,soothe,VERB,suˈsɛɡu,sossegar,sos.se.gar,"Do latim *sessicare, frequentativo de sedēre, «assentar»",pôr ou ficar em sossego | aquietar (-se) | acalmar (-se) | serenar; livrar (-se) de preocupações,https://www.infopedia.pt/dicionarios/lingua-portuguesa/sossegar,acalentar|acalmar|adormecer,agenciar|assoar|assobiar,,,,,aquedar|aquietar
tempero,seasoning,NOUN,tẽˈpeɾu,,tem.pe.ro,Derivação regressiva de temperar,"ato de temperar, de condimentar a comida; substância (sal, pimenta ou qualquer outra erva ou especiaria) que se adiciona a determinado alimento para realçar, suavizar ou acrescentar determinado sabor; estado da comida temperada; aquilo que alivia ou suaviza; meio de dirigir ou regular um negócio; dureza e elasticidade dada aos metais através do banho em que são temperados",https://www.infopedia.pt/dicionarios/lingua-portuguesa/tempero,adubo|condimento|cura,desespero|destempero|exaspero,,,,,
tempero,season,VERB,tẽˈpɛɾu,temperar,tem.pe.rar,"Do latim temperāre, «idem»","adicionar tempero(s) para realçar, suavizar ou acrescentar determinado sabor a; tornar mais brando ou suave; submeter (um metal) a um banho próprio em temperatura baixa, a fim de manter a sua dureza; submeter (substância) a variações de temperatura para que ganhe resistência; moderar a temperatura de (um líquido) pela adição de uma porção (fria ou quente) do mesmo ou de outro líquido; tornar mais vigoroso ou resistente; acrescentar a; pontuar (texto, discurso, etc.) com comentário, piada, etc.; moderar-se (para não causar celeuma, afronta, etc.); afinar (instrumento)",https://www.infopedia.pt/dicionarios/lingua-portuguesa/temperar,abrandar|acordar|afinar,assenhorar|beneficiar|bolear,temperamental|temperamentalmente|temperamento,,,,arrobamento
toco,stump,NOUN,ˈtoku,,to.co,De origem obscura,parte do tronco ou da raiz que fica na terra após o corte de uma árvore; cacete ou pau curto; resto de mastro desarvorado; o que resta de um membro decepado ou amputado; pedaço de vela de iluminação; vassoura já muito gasta,https://www.infopedia.pt/dicionarios/lingua-portuguesa/toco,cacete|coto|toqueira,batoco|bioco|cotoco,,topo|toro|tuco,membro|restar|tronco,,
toco,play,VERB,ˈtɔku,tocar,to.car,"Do latim vulgar *toccāre, «idem», de origem onomatopeica?","pôr a mão ou o dedo em; tirar sons musicais de (instrumento musical); estar próximo de; executar (peça musical); confinar com; pôr-se em contacto com; acionar (sistema sonoro) para alertar para a presença de alguém, para um perigo, etc.; dar uma pancada (em); castigar fisicamente; fazer andar (um animal), picando-o com um objeto aguçado; atingir; chegar a; mencionar; dizer respeito a; caber em sorte; ser de direito ou da obrigação de; impelir; assegurar o funcionamento de ou ser responsável por; fazer escala em (uma embarcação); sensibilizar; tornar mais expressivo; ofender; fundear de passagem; atingir com golpe; ter semelhança; ter um ponto comum de contacto; aperceber-se (de); impressionar-se; começar a apodrecer; embriagar-se; bater com a ferradura de uma pata na parte interna da outra pata",https://www.infopedia.pt/dicionarios/lingua-portuguesa/tocar,,acaroar|achacar|avaliar,tocantemente|tocantim|tocantinense,pocar|ticar|toca,,,apalpar|aulética|cambalhota
tola,foolish,ADJ,ˈtolɐ,,to.la,De origem obscura,"árvore de grande porte, da família das Leguminosas, nativa da África ocidental, de que se extrai madeira de qualidade usada sobretudo no fabrico de mobiliário; essa madeira",https://www.infopedia.pt/dicionarios/lingua-portuguesa/tola,,aiatola|aiola|bitola,,pola|rola|tosa,,,
tola,head,NOUN,ˈtɔlɐ,,to.la,De origem obscura,"árvore de grande porte, da família das Leguminosas, nativa da África ocidental, de que se extrai madeira de qualidade usada sobretudo no fabrico de mobiliário; essa madeira",https://www.infopedia.pt/dicionarios/lingua-portuguesa/tola,,aiatola|aiola|bitola,,pola|rola|tosa,,,
toldo,awning,NOUN,ˈtoɫdu,,tol.do,"Do nórdico antigo tjald, «coberta; tenda», pelo francês antigo e dialeto tialt, «tolda de barco»",pano de lona ou qualquer outra cobertura que sirva para abrigar do sol ou da chuva; coberta do navio,https://www.infopedia.pt/dicionarios/lingua-portuguesa/toldo,,,,boldo|soldo|toado,,,atoldoar|charabã
toldo,cloud_over,VERB,ˈtɔɫdu,toldar,tol.dar,De toldo+-ar,cobrir com toldo; cobrir de nuvens; escurecer; turvar; perturbar; entristecer; tornar-se escuro; turvar-se; perder a transparência ou a limpidez; embriagar-se,https://www.infopedia.pt/dicionarios/lingua-portuguesa/toldar,anuviar|assombrar|atoldoar,aboiar|afeiçoar|assoar,,moldar|roldar|soldar,,,anuviar|atoldoar
topo,summit,NOUN,ˈtopu,,to.po,"Do francês antigo top, «cume»",parte mais elevada; cume; extremidade; ato de topar; choque,https://www.infopedia.pt/dicionarios/lingua-portuguesa/topo,,,,toco|tojo|tope,,,almenara|arribação|bica
topo,bump_into,VERB,ˈtɔpu,topar,to.par,De origem onomatopeica,"encontrar pela frente; bater com o pé em; chocar com; perceber; aceitar (convite, proposta, desafio); igualar ou acompanhar (aposta)",https://www.infopedia.pt/dicionarios/lingua-portuguesa/topar,aceitar|acompanhar|assentir,agenciar|bambalear|barrear,topa-a-tudo|topada|topado,atopar|copar|dopar,,,
torno,lathe,NOUN,ˈtoɾnu,,tor.no,"Do grego tórnos, «idem», pelo latim tornu-, «idem»","aparelho onde se faz girar uma peça de madeira ou metal que se quer tornear; chave de torneira; prego de pau; utensílio de ferro onde se apertam com parafuso as peças que se querem limar; espécie de caixa giratória, instalada na portaria de conventos, asilos, etc., por onde se passam coisas do exterior para o interior",https://www.infopedia.pt/dicionarios/lingua-portuguesa/torno,,contorno|dintorno|entorno,,borno|corno|forno,,,alma|ano|arrentar
torno,turn,VERB,ˈtɔɾnu,tornar,tor.nar,"Do latim tornāre, «trabalhar no torno; arredondar», pelo francês tourner, «voltar; arredondar; mudar de posição»",regressar a (ponto de partida); fazer voltar; restituir; replicar; transformar em; verter; voltar a tratar de; desviar (a água) de um rego ou de um lugar para outro; mudar; reconsiderar; transformar-se (em); recorrer (a),https://www.infopedia.pt/dicionarios/lingua-portuguesa/tornar,devolver|mudar|reconsiderar,adornar|atezanar|blasonar,,cornar|mornar|ornar,,,abagualar-se|altear|alvacentar
torre,roast,VERB,ˈtɔʁɨ,torrar,tor.rar,"Do latim vulgar *torrāre, por torrēre, «idem»",tornar seco e estaladiço por meio de calor | ressequir; dar uma cor acastanhada a; dar aparência de queimado a; bronzear intensamente; gastar desenfreadamente (dinheiro); tornar murcho,https://www.infopedia.pt/dicionarios/lingua-portuguesa/torrar,amorenar|bronzear|carbonizar,angariar|arrepiar|caturrar,,borrar|forrar|jorrar,,,chorriscar|esturricamento
torre,tower,NOUN,ˈtoʁɨ,,tor.re,"Do latim turre-, «idem»","construção estreita, alta e fortificada, construída no passado principalmente para defesa da população em caso de guerra; construção de alvenaria, redonda ou angular, anexa à igreja, onde se suspendem os sinos; construção alta e estreita; prédio alto, geralmente destinado a habitação ou escritórios; posto de observação ou de comando; peça do jogo do xadrez com valor imediatamente inferior ao da rainha; parte elevada sobre a coberta dos navios onde se coloca a artilharia; estrutura blindada, superior, móvel, dos carros de combate que permite que a boca de fogo nela alojada possa fazer tiro em todas as direções; pessoa muito alta",https://www.infopedia.pt/dicionarios/lingua-portuguesa/torre,arranha-céus|campanário|colosso,,,porre|torpe|torr,boca|confusão|descendente,,almádena|almenara|campanário
transtorno,disorder,NOUN,tɾɐ̃ʃˈtoɾnu,,trans.tor.no,Derivação regressiva de transtornar,ato ou efeito de transtornar; alteração; acidente ou circunstância imprevista que incomoda ou perturba; deceção; prejuízo; perturbação de saúde ligeira; desordem mental ou comportamental,https://www.infopedia.pt/dicionarios/lingua-portuguesa/transtorno,alteração|baralhada|canudo,contorno|dintorno|entorno,,,,,convulsão|desconcerto|esquizoafetivo
transtorno,upset,VERB,tɾɐ̃ʃˈtɔɾnu,transtornar,trans.tor.nar,De trans-+tornar,causar transtorno a; alterar a ordem de; perturbar; perturbar a inteligência ou o juízo a; perturbar-se; malograr-se; estragar-se; perturbar-se; adquirir novo aspeto,https://www.infopedia.pt/dicionarios/lingua-portuguesa/transtornar,agitar|baralhar|confundir,bolear|branquear|broquear,,,,,alterar|desarranjar|descompor
troco,change,NOUN,ˈtɾoku,,tro.co,Derivação regressiva de trocar,"ação de trocar; conjunto de moedas ou notas de baixo valor, equivalente a moeda ou nota que representa uma quantia superior; quantia que se recebe quando se paga algo com moeda ou nota superior ao preço devido; dinheiro em moedas; resposta a afronta, comentário ou ofensa; réplica",https://www.infopedia.pt/dicionarios/lingua-portuguesa/troco,alboroque|alborque|comutação,baroco|bicharoco|bioco,trocisco|trocista|trocistamente,croco|froco|iroco,ligar|moeda|responder,,assalariação|assalariamento|cadeixo
troco,exchange,VERB,ˈtɾɔku,trocar,tro.car,De origem obscura,fazer a troca de; tomar uma coisa em vez de outra; converter em dinheiro miúdo uma moeda ou nota de maior valor; inverter; substituir; interpretar mal; transformar-se; mudar-se,https://www.infopedia.pt/dicionarios/lingua-portuguesa/trocar,alterar|cambiar|comutar,arcar|bezoar|cucuricar,trocano|trocanter|trocânter,brocar|frocar|rocar,,,alternar|arreganhar|brincadeira
zelo,zeal,NOUN,ˈzelu,,ze.lo,"Do grego zẽlos, «fervor», pelo latim zelu, «idem»",afeição viva e ardente por alguém ou algo; cuidado; diligência e pontualidade em qualquer serviço; ciúme,https://www.infopedia.pt/dicionarios/lingua-portuguesa/zelo,afeição|afeto|avareza,armazelo|armuzelo|bongoluelo,,belo|celo|-elo,,,afervorar|amador|zelota
zelo,tend,VERB,ˈzɛlu,zelar,ze.lar,"Do latim zelāre, «invejar; amar»",ter zelo por; administrar; velar; ter ciúmes de,https://www.infopedia.pt/dicionarios/lingua-portuguesa/zelar,administrar|cuidar|dirigir,balbuciar|bambalear|caldear,zelador|zeladoramente|zeladoria,elar|gelar|melar,,,brasa|chegar
